postcode,tender_area,local_authority
"BB12 8PU","MOSS LN",Burnley
"M1 7EQ",ARDWICK,Manchester
"M1 7JW",ARDWICK,Manchester
"M12 6AJ",ARDWICK,Manchester
"M12 6AL",ARDWICK,Manchester
"M12 6AP",ARDWICK,Manchester
"M12 6BG",ARDWICK,Manchester
"M12 6BH",ARDWICK,Manchester
"M12 6BN",ARDWICK,Manchester
"M12 6BT",ARDWICK,Manchester
"M12 6BW",ARDWICK,Manchester
"M12 6BY",ARDWICK,Manchester
"M12 6BZ",ARDWICK,Manchester
"M12 6DA",ARDWICK,Manchester
"M12 6DQ",ARDWICK,Manchester
"M12 6DY",ARDWICK,Manchester
"M12 6ES",ARDWICK,Manchester
"M12 6EY",ARDWICK,Manchester
"M12 6FA",ARDWICK,Manchester
"M12 6FB",ARDWICK,Manchester
"M12 6FX",ARDWICK,Manchester
"M12 6HS",ARDWICK,Manchester
"M12 6HU",ARDWICK,Manchester
"M12 6JA",ARDWICK,Manchester
"M12 6JT",ARDWICK,Manchester
"M12 6JZ",ARDWICK,Manchester
"M12 6PN",ARDWICK,Manchester
"M13 9AX",ARDWICK,Manchester
"M13 9DZ",ARDWICK,Manchester
"M13 9EH",ARDWICK,Manchester
"M13 9FL",ARDWICK,Manchester
"M13 9FX",ARDWICK,Manchester
"M13 9GF",ARDWICK,Manchester
"M13 9GQ",ARDWICK,Manchester
"M13 9GS",ARDWICK,Manchester
"M13 9GU",ARDWICK,Manchester
"M13 9GX",ARDWICK,Manchester
"M13 9HA",ARDWICK,Manchester
"M13 9HX",ARDWICK,Manchester
"M13 9JG",ARDWICK,Manchester
"M13 9JZ",ARDWICK,Manchester
"M13 9SJ",ARDWICK,Manchester
"M13 9SU",ARDWICK,Manchester
"M13 9TF",ARDWICK,Manchester
"M13 9TU",ARDWICK,Manchester
"M13 9UD",ARDWICK,Manchester
"M13 9UF",ARDWICK,Manchester
"M13 9UL",ARDWICK,Manchester
"M13 9UQ",ARDWICK,Manchester
"M13 9UR",ARDWICK,Manchester
"M13 9UU",ARDWICK,Manchester
"M13 9UW",ARDWICK,Manchester
"M13 9WE",ARDWICK,Manchester
"M13 9WY",ARDWICK,Manchester
"M13 9XG",ARDWICK,Manchester
"M13 9XT",ARDWICK,Manchester
"M13 9YG",ARDWICK,Manchester
"M13 9YP",ARDWICK,Manchester
"M13 9YX",ARDWICK,Manchester
"M14 4AX","MOSS SIDE",Manchester
"M14 4BJ","MOSS SIDE",Manchester
"M14 4EG","MOSS SIDE",Manchester
"M14 4EH","MOSS SIDE",Manchester
"M14 4ES","MOSS SIDE",Manchester
"M14 4EU","MOSS SIDE",Manchester
"M14 4EY","MOSS SIDE",Manchester
"M14 4HL","MOSS SIDE",Manchester
"M14 4JB",ARDWICK,Manchester
"M14 4JF","MOSS SIDE",Manchester
"M14 4JL","MOSS SIDE",Manchester
"M14 4JP",ARDWICK,Manchester
"M14 4JQ","MOSS SIDE",Manchester
"M14 4JT","MOSS SIDE",Manchester
"M14 4JW",ARDWICK,Manchester
"M14 4LH",ARDWICK,Manchester
"M14 4LJ","MOSS SIDE",Manchester
"M14 4LT","MOSS SIDE",Manchester
"M14 4RH","MOSS SIDE",Manchester
"M14 4RN","MOSS SIDE",Manchester
"M14 4TA","MOSS SIDE",Manchester
"M14 4TD","MOSS SIDE",Manchester
"M14 4TS","MOSS SIDE",Manchester
"M14 4TX","MOSS SIDE",Manchester
"M14 4UE","MOSS SIDE",Manchester
"M14 4UF","MOSS SIDE",Manchester
"M14 4UZ","MOSS SIDE",Manchester
"M14 4WD","MOSS SIDE",Manchester
"M14 4WH","MOSS SIDE",Manchester
"M14 5UX","MOSS SIDE",Manchester
"M14 5WL","MOSS SIDE",Manchester
"M14 5XF","MOSS SIDE",Manchester
"M14 5XH","MOSS SIDE",Manchester
"M14 7BG","MOSS SIDE",Manchester
"M14 7BT","MOSS SIDE",Manchester
"M14 7BX","MOSS SIDE",Manchester
"M14 7FR","MOSS SIDE",Manchester
"M14 7HQ","MOSS SIDE",Manchester
"M14 7HU","MOSS SIDE",Manchester
"M14 7HY","MOSS SIDE",Manchester
"M14 7JD","MOSS SIDE",Manchester
"M14 7JG","MOSS SIDE",Manchester
"M14 7JQ","MOSS SIDE",Manchester
"M14 7JX","MOSS SIDE",Manchester
"M14 7LD","MOSS SIDE",Manchester
"M14 7LJ","MOSS SIDE",Manchester
"M14 7LL","MOSS SIDE",Manchester
"M14 7LN","MOSS SIDE",Manchester
"M14 7LT","MOSS SIDE",Manchester
"M14 7LW","MOSS SIDE",Manchester
"M14 7LZ","MOSS SIDE",Manchester
"M14 7NE","MOSS SIDE",Manchester
"M14 7NF","MOSS SIDE",Manchester
"M14 7NN","MOSS SIDE",Manchester
"M14 7NP","MOSS SIDE",Manchester
"M14 7PF","MOSS SIDE",Manchester
"M14 7PU","MOSS SIDE",Manchester
"M14 7UU","MOSS SIDE",Manchester
"M14 7WD","MOSS SIDE",Manchester
"M14 7WF","MOSS SIDE",Manchester
"M14 7WR","MOSS SIDE",Manchester
"M15 4AB","MOSS SIDE",Trafford
"M15 4AD","MOSS SIDE",Trafford
"M15 4AL","MOSS SIDE",Trafford
"M15 4AT","MOSS SIDE",Trafford
"M15 4AU","MOSS SIDE",Manchester
"M15 4AW","MOSS SIDE",Manchester
"M15 4BA","MOSS SIDE",Trafford
"M15 4BE","MOSS SIDE",Manchester
"M15 4BH","MOSS SIDE",Trafford
"M15 4BN","MOSS SIDE",Trafford
"M15 4BQ","MOSS SIDE",Manchester
"M15 4DB","MOSS SIDE",Manchester
"M15 4DD","MOSS SIDE",Manchester
"M15 4DG","MOSS SIDE",Manchester
"M15 4DJ","MOSS SIDE",Manchester
"M15 4DR","MOSS SIDE",Manchester
"M15 4DU","MOSS SIDE",Manchester
"M15 4DW","MOSS SIDE",Manchester
"M15 4DY","MOSS SIDE",Manchester
"M15 4DZ","MOSS SIDE",Manchester
"M15 4EH","MOSS SIDE",Trafford
"M15 4EJ","MOSS SIDE",Trafford
"M15 4EP","MOSS SIDE",Trafford
"M15 4FH","MOSS SIDE",Trafford
"M15 4FU","MOSS SIDE",Trafford
"M15 4JL","MOSS SIDE",Trafford
"M15 4LL","MOSS SIDE",Manchester
"M15 4RR","FREDERICK RD GRID",Trafford
"M15 5FD","MOSS SIDE",Manchester
"M15 5PW","MOSS SIDE",Trafford
"M15 5RR","FREDERICK RD GRID",Manchester
"M16 7BY","MOSS SIDE",Manchester
"M16 7DA","MOSS SIDE",Manchester
"M16 7DD","MOSS SIDE",Manchester
"M16 7DH","MOSS SIDE",Manchester
"M16 7DS","MOSS SIDE",Manchester
"M16 7NX","MOSS SIDE",Trafford
"M16 7NY","MOSS SIDE",Trafford
"M16 7PB","MOSS SIDE",Trafford
"M16 7PE","MOSS SIDE",Manchester
"M16 7QA","MOSS SIDE",Trafford
"M16 7QG","MOSS SIDE",Trafford
"M16 7RN","MOSS SIDE",Trafford
"M16 7RS","MOSS SIDE",Trafford
"M16 7WR","MOSS SIDE",Trafford
"M16 7WS","MOSS SIDE",Trafford
"M16 7WU","MOSS SIDE",Trafford
"M16 7WY","MOSS SIDE",Trafford
"M16 9AJ","MOSS SIDE",Trafford
"M16 9AQ","MOSS SIDE",Trafford
"M16 9AS","MOSS SIDE",Trafford
"M16 9AT","MOSS SIDE",Trafford
"M16 9BB","MOSS SIDE",Trafford
"M16 9BF","MOSS SIDE",Trafford
"M16 9JE","MOSS SIDE",Trafford
"M16 9JH","MOSS SIDE",Trafford
"M16 9JN","MOSS SIDE",Trafford
"M16 9JS","MOSS SIDE",Trafford
"M16 9JT","MOSS SIDE",Trafford
"M16 9JX","MOSS SIDE",Trafford
"M16 9LA","MOSS SIDE",Trafford
"M16 9LB","MOSS SIDE",Trafford
"M16 9LD","MOSS SIDE",Trafford
"M16 9LG","MOSS SIDE",Trafford
"M16 9LH","MOSS SIDE",Trafford
"M16 9LN","MOSS SIDE",Trafford
"M16 9LQ","MOSS SIDE",Trafford
"M16 9LR","MOSS SIDE",Trafford
"M16 9LS","MOSS SIDE",Trafford
"M16 9LW","MOSS SIDE",Trafford
"M16 9LX","MOSS SIDE",Trafford
"M16 9NB","MOSS SIDE",Trafford
"M16 9ND","MOSS SIDE",Trafford
"M16 9NH","MOSS SIDE",Trafford
"M16 9WA","MOSS SIDE",Trafford
"M16 9WD","MOSS SIDE",Trafford
"M16 9WH","MOSS SIDE",Trafford
"M22 5RF","FREDERICK RD GRID",Manchester
"M25 2NG","MOSS LN",Bury
"M3 1NJ","FREDERICK RD GRID",Manchester
"M3 1NL","FREDERICK RD GRID",Manchester
"M3 1NP","FREDERICK RD GRID",Manchester
"M3 6EE","FREDERICK RD GRID",Salford
"M3 6EG","FREDERICK RD GRID",Salford
"M3 6GJ","FREDERICK RD GRID",Salford
"M3 6LZ","FREDERICK RD GRID",Salford
"M3 7FD","FREDERICK RD GRID",Salford
"M3 7FR","FREDERICK RD GRID",Salford
"M3 7FS","FREDERICK RD GRID",Salford
"M3 7HA","FREDERICK RD GRID",Salford
"M3 7HB","FREDERICK RD GRID",Salford
"M3 7LD","FREDERICK RD GRID",Salford
"M30 0AT","FREDERICK RD GRID",Salford
"M30 0DA","FREDERICK RD GRID",Salford
"M30 0DF","FREDERICK RD GRID",Salford
"M30 0EA","FREDERICK RD GRID",Salford
"M30 0EJ","FREDERICK RD GRID",Salford
"M30 0EU","FREDERICK RD GRID",Salford
"M30 0LH","FREDERICK RD GRID",Salford
"M30 0ZH","FREDERICK RD GRID",Salford
"M30 9DA","FREDERICK RD GRID",Salford
"M30 9DE","FREDERICK RD GRID",Salford
"M30 9DL","FREDERICK RD GRID",Salford
"M30 9DQ","FREDERICK RD GRID",Salford
"M30 9DT","FREDERICK RD GRID",Salford
"M45 6BS","MOSS LN",Bury
"M45 6BW","MOSS LN",Bury
"M45 6DT","MOSS LN",Bury
"M45 6ED","MOSS LN",Bury
"M45 6EF","MOSS LN",Bury
"M45 6FE","MOSS LN",Bury
"M45 8AN","MOSS LN",Bury
"M45 8DY","MOSS LN",Bury
"M45 8JF","MOSS LN",Bury
"M45 8JN","MOSS LN",Bury
"M45 8LA","MOSS LN",Bury
"M45 8LD","MOSS LN",Bury
"M45 8LF","MOSS LN",Bury
"M45 8LH","MOSS LN",Bury
"M45 8LJ","MOSS LN",Bury
"M45 8LL","MOSS LN",Bury
"M45 8LS","MOSS LN",Bury
"M45 8LU","MOSS LN",Bury
"M45 8LX","MOSS LN",Bury
"M45 8LY","MOSS LN",Bury
"M45 8NN","MOSS LN",Bury
"M45 8PE","MOSS LN",Bury
"M45 8PG","MOSS LN",Bury
"M45 8PH","MOSS LN",Bury
"M45 8PJ","MOSS LN",Bury
"M45 8PR","MOSS LN",Bury
"M45 8PW","MOSS LN",Bury
"M45 8RB","MOSS LN",Bury
"M45 8RF","MOSS LN",Bury
"M45 8RH","MOSS LN",Bury
"M45 8RN","MOSS LN",Bury
"M45 8RP","MOSS LN",Bury
"M45 8RS","MOSS LN",Bury
"M45 8RT","MOSS LN",Bury
"M45 8RW","MOSS LN",Bury
"M45 8WB","MOSS LN",Bury
"M45 8WH","MOSS LN",Bury
"M45 8WL","MOSS LN",Bury
"M45 8WN","MOSS LN",Bury
"M45 8WP","MOSS LN",Bury
"M45 8WQ","MOSS LN",Bury
"M45 8XS","MOSS LN",Bury
"M5 3AB","FREDERICK RD GRID",Salford
"M5 3AF","FREDERICK RD GRID",Salford
"M5 3AG","FREDERICK RD GRID",Salford
"M5 3AN","FREDERICK RD GRID",Salford
"M5 3AP","FREDERICK RD GRID",Salford
"M5 3BB","FREDERICK RD GRID",Salford
"M5 3DJ","FREDERICK RD GRID",Salford
"M5 3DN","FREDERICK RD GRID",Salford
"M5 3DP","FREDERICK RD GRID",Salford
"M5 3EB","FREDERICK RD GRID",Salford
"M5 3EN","FREDERICK RD GRID",Salford
"M5 3EP","FREDERICK RD GRID",Salford
"M5 3EX","FREDERICK RD GRID",Salford
"M5 3FA","FREDERICK RD GRID",Salford
"M5 3FU","FREDERICK RD GRID",Salford
"M5 3FW","FREDERICK RD GRID",Salford
"M5 3GA","FREDERICK RD GRID",Salford
"M5 3GB","FREDERICK RD GRID",Salford
"M5 3GE","FREDERICK RD GRID",Salford
"M5 3GH","FREDERICK RD GRID",Salford
"M5 3GN","FREDERICK RD GRID",Salford
"M5 3GR","FREDERICK RD GRID",Salford
"M5 3HB","FREDERICK RD GRID",Salford
"M5 3HG","FREDERICK RD GRID",Salford
"M5 3HP","FREDERICK RD GRID",Salford
"M5 3HR","FREDERICK RD GRID",Salford
"M5 3HY","FREDERICK RD GRID",Salford
"M5 3JB","FREDERICK RD GRID",Salford
"M5 3JF","FREDERICK RD GRID",Salford
"M5 3JG","FREDERICK RD GRID",Salford
"M5 3JW","FREDERICK RD GRID",Salford
"M5 3LD","FREDERICK RD GRID",Salford
"M5 3LJ","FREDERICK RD GRID",Salford
"M5 3LQ","FREDERICK RD GRID",Salford
"M5 3LR","FREDERICK RD GRID",Salford
"M5 3LS","FREDERICK RD GRID",Salford
"M5 3LU","FREDERICK RD GRID",Salford
"M5 3LX","FREDERICK RD GRID",Salford
"M5 3NA","FREDERICK RD GRID",Salford
"M5 3PT","FREDERICK RD GRID",Salford
"M5 3RQ","FREDERICK RD GRID",Salford
"M5 3RW","FREDERICK RD GRID",Salford
"M5 3TN","FREDERICK RD GRID",Salford
"M5 3WP","FREDERICK RD GRID",Salford
"M5 3WR","FREDERICK RD GRID",Salford
"M5 3WW","FREDERICK RD GRID",Salford
"M5 4AE","FREDERICK RD GRID",Salford
"M5 4AH","FREDERICK RD GRID",Salford
"M5 4AL","FREDERICK RD GRID",Salford
"M5 4AS","FREDERICK RD GRID",Salford
"M5 4AS","FREDERICK RD GRID",Salford
"M5 4AU","FREDERICK RD GRID",Salford
"M5 4AU","FREDERICK RD GRID",Salford
"M5 4AX","FREDERICK RD GRID",Salford
"M5 4BA","FREDERICK RD GRID",Salford
"M5 4BA","FREDERICK RD GRID",Salford
"M5 4BE","FREDERICK RD GRID",Salford
"M5 4BF","FREDERICK RD GRID",Salford
"M5 4BP","FREDERICK RD GRID",Salford
"M5 4BX","FREDERICK RD GRID",Salford
"M5 4BX","FREDERICK RD GRID",Salford
"M5 4DG","FREDERICK RD GRID",Salford
"M5 4DT","FREDERICK RD GRID",Salford
"M5 4DY","FREDERICK RD GRID",Salford
"M5 4EA","FREDERICK RD GRID",Salford
"M5 4FD","FREDERICK RD GRID",Salford
"M5 4FD","FREDERICK RD GRID",Salford
"M5 4GH","FREDERICK RD GRID",Salford
"M5 4GJ","FREDERICK RD GRID",Salford
"M5 4GW","FREDERICK RD GRID",Salford
"M5 4GW","FREDERICK RD GRID",Salford
"M5 4GX","FREDERICK RD GRID",Salford
"M5 4GX","FREDERICK RD GRID",Salford
"M5 4HN","FREDERICK RD GRID",Salford
"M5 4HN","FREDERICK RD GRID",Salford
"M5 4HU","FREDERICK RD GRID",Salford
"M5 4HU","FREDERICK RD GRID",Salford
"M5 4HY","FREDERICK RD GRID",Salford
"M5 4HY","FREDERICK RD GRID",Salford
"M5 4HZ","FREDERICK RD GRID",Salford
"M5 4HZ","FREDERICK RD GRID",Salford
"M5 4LW","FREDERICK RD GRID",Salford
"M5 4NF","FREDERICK RD GRID",Salford
"M5 4PF","FREDERICK RD GRID",Salford
"M5 4QA","FREDERICK RD GRID",Salford
"M5 4QQ","FREDERICK RD GRID",Salford
"M5 4RR","FREDERICK RD GRID",Salford
"M5 4SH","FREDERICK RD GRID",Salford
"M5 4SL","FREDERICK RD GRID",Salford
"M5 4TB","FREDERICK RD GRID",Salford
"M5 4WU","FREDERICK RD GRID",Salford
"M5 5BL","FREDERICK RD GRID",Salford
"M5 5BX","FREDERICK RD GRID",Salford
"M5 5DP","FREDERICK RD GRID",Salford
"M5 5DZ","FREDERICK RD GRID",Salford
"M5 5EE","FREDERICK RD GRID",Salford
"M5 5GJ","FREDERICK RD GRID",Salford
"M5 5GN","FREDERICK RD GRID",Salford
"M5 5GX","FREDERICK RD GRID",Salford
"M5 5NG","FREDERICK RD GRID",Salford
"M5 5NN","FREDERICK RD GRID",Salford
"M5 5QY","FREDERICK RD GRID",Salford
"M5 5QZ","FREDERICK RD GRID",Salford
"M5 5WJ","FREDERICK RD GRID",Salford
"M50 1DB","FREDERICK RD GRID",Salford
"M50 1DR","FREDERICK RD GRID",Salford
"M50 1DS","FREDERICK RD GRID",Salford
"M50 1DU","FREDERICK RD GRID",Salford
"M50 1EW","FREDERICK RD GRID",Salford
"M50 2NP","FREDERICK RD GRID",Salford
"M50 2UE","FREDERICK RD GRID",Salford
"M50 3UQ","FREDERICK RD GRID",Salford
"M6 5AB","FREDERICK RD GRID",Salford
"M6 5AB","FREDERICK RD GRID",Salford
"M6 5AD","FREDERICK RD GRID",Salford
"M6 5AD","FREDERICK RD GRID",Salford
"M6 5AE","FREDERICK RD GRID",Salford
"M6 5AE","FREDERICK RD GRID",Salford
"M6 5AT","FREDERICK RD GRID",Salford
"M6 5BD","FREDERICK RD GRID",Salford
"M6 5BJ","FREDERICK RD GRID",Salford
"M6 5BY","FREDERICK RD GRID",Salford
"M6 5BZ","FREDERICK RD GRID",Salford
"M6 5DS","FREDERICK RD GRID",Salford
"M6 5EJ","FREDERICK RD GRID",Salford
"M6 5EN","FREDERICK RD GRID",Salford
"M6 5EY","FREDERICK RD GRID",Salford
"M6 5FD","FREDERICK RD GRID",Salford
"M6 5FJ","FREDERICK RD GRID",Salford
"M6 5FT","FREDERICK RD GRID",Salford
"M6 5GD","FREDERICK RD GRID",Salford
"M6 5GL","FREDERICK RD GRID",Salford
"M6 5GN","FREDERICK RD GRID",Salford
"M6 5GR","FREDERICK RD GRID",Salford
"M6 5HG","FREDERICK RD GRID",Salford
"M6 5HL","FREDERICK RD GRID",Salford
"M6 5HT","FREDERICK RD GRID",Salford
"M6 5HU","FREDERICK RD GRID",Salford
"M6 5JJ","FREDERICK RD GRID",Salford
"M6 5JJ","FREDERICK RD GRID",Salford
"M6 5JN","FREDERICK RD GRID",Salford
"M6 5JN","FREDERICK RD GRID",Salford
"M6 5JZ","FREDERICK RD GRID",Salford
"M6 5LA","FREDERICK RD GRID",Salford
"M6 5LA","FREDERICK RD GRID",Salford
"M6 5LL","FREDERICK RD GRID",Salford
"M6 5LQ","FREDERICK RD GRID",Salford
"M6 5LT","FREDERICK RD GRID",Salford
"M6 5NE","FREDERICK RD GRID",Salford
"M6 5PB","FREDERICK RD GRID",Salford
"M6 5PD","FREDERICK RD GRID",Salford
"M6 5PL","FREDERICK RD GRID",Salford
"M6 5PQ","FREDERICK RD GRID",Salford
"M6 5PT","FREDERICK RD GRID",Salford
"M6 5PW","FREDERICK RD GRID",Salford
"M6 5PZ","FREDERICK RD GRID",Salford
"M6 5QG","FREDERICK RD GRID",Salford
"M6 5QS","FREDERICK RD GRID",Salford
"M6 5QX","FREDERICK RD GRID",Salford
"M6 5QX","FREDERICK RD GRID",Salford
"M6 5RR","FREDERICK RD GRID",Salford
"M6 5RR","FREDERICK RD GRID",Salford
"M6 5RY","FREDERICK RD GRID",Salford
"M6 5TJ","FREDERICK RD GRID",Salford
"M6 5TL","FREDERICK RD GRID",Salford
"M6 5TL","FREDERICK RD GRID",Salford
"M6 5TX","FREDERICK RD GRID",Salford
"M6 5TY","FREDERICK RD GRID",Salford
"M6 5UA","FREDERICK RD GRID",Salford
"M6 5UD","FREDERICK RD GRID",Salford
"M6 5UF","FREDERICK RD GRID",Salford
"M6 5UG","FREDERICK RD GRID",Salford
"M6 5UR","FREDERICK RD GRID",Salford
"M6 5WU","FREDERICK RD GRID",Salford
"M6 6ES","FREDERICK RD GRID",Salford
"M6 6FL","FREDERICK RD GRID",Salford
"M6 6FS","FREDERICK RD GRID",Salford
"M6 6JF","FREDERICK RD GRID",Salford
"M6 6LL","FREDERICK RD GRID",Salford
"M6 6PE","FREDERICK RD GRID",Salford
"M6 6PQ","FREDERICK RD GRID",Salford
"M6 6PS","FREDERICK RD GRID",Salford
"M6 6PT","FREDERICK RD GRID",Salford
"M6 6PW","FREDERICK RD GRID",Salford
"M6 6PZ","FREDERICK RD GRID",Salford
"M6 6QT","FREDERICK RD GRID",Salford
"M6 6QY","FREDERICK RD GRID",Salford
"M6 6RG","FREDERICK RD GRID",Salford
"M6 6RP","FREDERICK RD GRID",Salford
"M6 6RQ","FREDERICK RD GRID",Salford
"M6 6SD","FREDERICK RD GRID",Salford
"M6 6SE","FREDERICK RD GRID",Salford
"M6 6SF","FREDERICK RD GRID",Salford
"M6 6SG","FREDERICK RD GRID",Salford
"M6 6SL","FREDERICK RD GRID",Salford
"M6 6SR","FREDERICK RD GRID",Salford
"M6 6SX","FREDERICK RD GRID",Salford
"M6 6SY","FREDERICK RD GRID",Salford
"M6 6WG","FREDERICK RD GRID",Salford
"M6 7AA","FREDERICK RD GRID",Salford
"M6 7AY","FREDERICK RD GRID",Salford
"M6 7BJ","FREDERICK RD GRID",Salford
"M6 7DT","FREDERICK RD GRID",Salford
"M6 8QU","FREDERICK RD GRID",Salford
"M6 8QX","FREDERICK RD GRID",Salford
"M6 8QZ","FREDERICK RD GRID",Salford
"M6 8RB","FREDERICK RD GRID",Salford
"M6 8RG","FREDERICK RD GRID",Salford
"M6 8RL","FREDERICK RD GRID",Salford
"M6 8RN","FREDERICK RD GRID",Salford
"M6 8SD","FREDERICK RD GRID",Salford
"M7 1AG","FREDERICK RD GRID",Salford
"M7 1BA","FREDERICK RD GRID",Salford
"M7 1BB","FREDERICK RD GRID",Salford
"M7 1BD","FREDERICK RD GRID",Salford
"M7 1BE","FREDERICK RD GRID",Salford
"M7 1JA","FREDERICK RD GRID",Salford
"M7 1JF","FREDERICK RD GRID",Salford
"M7 1JR","FREDERICK RD GRID",Salford
"M7 1NE","FREDERICK RD GRID",Salford
"M7 1NJ","FREDERICK RD GRID",Salford
"M7 1NR","FREDERICK RD GRID",Salford
"M7 1NX","FREDERICK RD GRID",Salford
"M7 1NY","FREDERICK RD GRID",Salford
"M7 1PP","FREDERICK RD GRID",Salford
"M7 1PR","FREDERICK RD GRID",Salford
"M7 1QZ","FREDERICK RD GRID",Salford
"M7 1RN","FREDERICK RD GRID",Salford
"M7 1TW","FREDERICK RD GRID",Salford
"M7 1UD","FREDERICK RD GRID",Salford
"M7 1UF","FREDERICK RD GRID",Salford
"M7 1UN","FREDERICK RD GRID",Salford
"M7 1XA","FREDERICK RD GRID",Salford
"M7 1XB","FREDERICK RD GRID",Salford
"M7 1YE","FREDERICK RD GRID",Salford
"M7 1ZD","FREDERICK RD GRID",Salford
"M7 1ZL","FREDERICK RD GRID",Salford
"M7 1ZT","FREDERICK RD GRID",Salford
"M7 2BL","FREDERICK RD GRID",Salford
"M7 2DN","FREDERICK RD GRID",Salford
"M7 2EA","FREDERICK RD GRID",Salford
"M7 2EH","FREDERICK RD GRID",Salford
"M7 2EJ","FREDERICK RD GRID",Salford
"M7 2EL","FREDERICK RD GRID",Salford
"M7 2ET","FREDERICK RD GRID",Salford
"M7 2EU","FREDERICK RD GRID",Salford
"M7 2EW","FREDERICK RD GRID",Salford
"M7 2EY","FREDERICK RD GRID",Salford
"M7 2FA","FREDERICK RD GRID",Salford
"M7 2FH","FREDERICK RD GRID",Salford
"M7 2FJ","FREDERICK RD GRID",Salford
"M7 2FL","FREDERICK RD GRID",Salford
"M7 2FN","FREDERICK RD GRID",Salford
"M7 2FS","FREDERICK RD GRID",Salford
"M7 2GL","FREDERICK RD GRID",Salford
"M7 2HE","FREDERICK RD GRID",Salford
"M7 2HF","FREDERICK RD GRID",Salford
"M7 2HG","FREDERICK RD GRID",Salford
"M7 2HH","FREDERICK RD GRID",Salford
"M7 2HL","FREDERICK RD GRID",Salford
"M7 2HR","FREDERICK RD GRID",Salford
"M7 2HS","FREDERICK RD GRID",Salford
"M7 2HW","FREDERICK RD GRID",Salford
"M7 2HX","FREDERICK RD GRID",Salford
"M7 2HY","FREDERICK RD GRID",Salford
"M7 2JB","FREDERICK RD GRID",Salford
"M7 2JH","FREDERICK RD GRID",Salford
"M7 2JP","FREDERICK RD GRID",Salford
"M7 2JQ","FREDERICK RD GRID",Salford
"M7 2JS","FREDERICK RD GRID",Salford
"M7 2LG","FREDERICK RD GRID",Salford
"M7 2LP","FREDERICK RD GRID",Salford
"M7 2NL","FREDERICK RD GRID",Salford
"M7 2ST","FREDERICK RD GRID",Salford
"M7 2XG","FREDERICK RD GRID",Salford
"M7 2YW","FREDERICK RD GRID",Salford
"M7 2ZS","FREDERICK RD GRID",Salford
"M7 2ZW","FREDERICK RD GRID",Salford
"M7 3BR","FREDERICK RD GRID",Salford
"M7 3GQ","FREDERICK RD GRID",Salford
"M7 3GS","FREDERICK RD GRID",Salford
"M7 3GU","FREDERICK RD GRID",Salford
"M7 3GW","FREDERICK RD GRID",Salford
"M7 3GX","FREDERICK RD GRID",Salford
"M7 3GY","FREDERICK RD GRID",Salford
"M7 3HD","FREDERICK RD GRID",Salford
"M7 3QF","FREDERICK RD GRID",Salford
"M7 3QG","FREDERICK RD GRID",Salford
"M7 3QN","FREDERICK RD GRID",Salford
"M7 3QP","FREDERICK RD GRID",Salford
"M7 3QR","FREDERICK RD GRID",Salford
"M7 3QY","FREDERICK RD GRID",Salford
"M7 3RD","FREDERICK RD GRID",Salford
"M7 3RE","FREDERICK RD GRID",Salford
"M7 3RH","FREDERICK RD GRID",Salford
"M7 3RR","FREDERICK RD GRID",Salford
"M7 3RU","FREDERICK RD GRID",Salford
"M7 3RZ","FREDERICK RD GRID",Salford
"M7 3SA","FREDERICK RD GRID",Salford
"M7 3SB","FREDERICK RD GRID",Salford
"M7 3SE","FREDERICK RD GRID",Salford
"M7 3TR","FREDERICK RD GRID",Salford
"M7 4ED","FREDERICK RD GRID",Salford
"M7 4YD","FREDERICK RD GRID",Manchester
"M8 8DU","FREDERICK RD GRID",Salford
"M8 8EB","FREDERICK RD GRID",Manchester
"M8 8EF","FREDERICK RD GRID",Manchester
"M8 8EJ","FREDERICK RD GRID",Manchester
"M8 8EN","FREDERICK RD GRID",Manchester
"M8 8EQ","FREDERICK RD GRID",Manchester
"M8 8EU","FREDERICK RD GRID",Manchester
"M8 8EW","FREDERICK RD GRID",Manchester
"M8 8FJ","FREDERICK RD GRID",Manchester
"M8 8FQ","FREDERICK RD GRID",Manchester
"M8 8FT","FREDERICK RD GRID",Manchester
"M8 8GJ","FREDERICK RD GRID",Manchester
"M8 8HE","FREDERICK RD GRID",Manchester
"M8 8JW","FREDERICK RD GRID",Manchester
"M8 8UG","FREDERICK RD GRID",Manchester
"M8 8YF","FREDERICK RD GRID",Manchester
"M8 8YG","FREDERICK RD GRID",Manchester
"M8 9TW","FREDERICK RD GRID",Manchester
"M8 9TY","FREDERICK RD GRID",Manchester
"M8 9TZ","FREDERICK RD GRID",Salford
"M8 9UE","FREDERICK RD GRID",Salford
"M8 9YG","FREDERICK RD GRID",Manchester
"PR25 1AH","Moss Side (Leyland) & Seven Stars","South Ribble"
"PR25 1AL","Moss Side (Leyland) & Seven Stars","South Ribble"
"PR25 1AN","Moss Side (Leyland) & Seven Stars","South Ribble"
"PR25 1AR","Moss Side (Leyland) & Seven Stars","South Ribble"
"PR25 1AX","Moss Side (Leyland) & Seven Stars","South Ribble"
"PR25 1AY","Moss Side (Leyland) & Seven Stars","South Ribble"
"PR25 1BA","Moss Side (Leyland) & Seven Stars","South Ribble"
"PR25 1BH","Moss Side (Leyland) & Seven Stars","South Ribble"
"PR25 1BN","Moss Side (Leyland) & Seven Stars","South Ribble"
"PR25 1BP","Moss Side (Leyland) & Seven Stars","South Ribble"
"PR25 1BT","Moss Side (Leyland) & Seven Stars","South Ribble"
"PR25 1HH","Moss Side (Leyland) & Seven Stars","South Ribble"
"PR25 1HS","Moss Side (Leyland) & Seven Stars","South Ribble"
"PR25 1HT","Moss Side (Leyland) & Seven Stars","South Ribble"
"PR25 1HU","Moss Side (Leyland) & Seven Stars","South Ribble"
"PR25 1HW","Moss Side (Leyland) & Seven Stars","South Ribble"
"PR25 1LF","Moss Side (Leyland) & Seven Stars","South Ribble"
"PR25 2DL","Moss Side (Leyland) & Seven Stars","South Ribble"
"PR25 2GE","Moss Side (Leyland) & Seven Stars","South Ribble"
"PR25 2XE","Moss Side (Leyland) & Seven Stars","South Ribble"
"PR25 2XS","Moss Side (Leyland) & Seven Stars","South Ribble"
"PR6 0QL","CHORLEY SOUTH",Chorley
"PR7 2JG","CHORLEY SOUTH",Chorley
"PR7 2JN","CHORLEY SOUTH",Chorley
"PR7 2JP","CHORLEY SOUTH",Chorley
"PR7 2LL","CHORLEY SOUTH",Chorley
"PR7 2LP","CHORLEY SOUTH",Chorley
"PR7 2LR","CHORLEY SOUTH",Chorley
"PR7 2LS","CHORLEY SOUTH",Chorley
"PR7 2LZ","CHORLEY SOUTH",Chorley
"PR7 2ND","CHORLEY SOUTH",Chorley
"PR7 2NH","CHORLEY SOUTH",Chorley
"PR7 2NL","CHORLEY SOUTH",Chorley
"PR7 2NS","CHORLEY SOUTH",Chorley
"PR7 2NT","CHORLEY SOUTH",Chorley
"PR7 2NW","CHORLEY SOUTH",Chorley
"PR7 3BL","CHORLEY SOUTH",Chorley
"PR7 3BS","CHORLEY SOUTH",Chorley
"PR7 3ED","CHORLEY SOUTH",Chorley
"PR7 3HN","CHORLEY SOUTH",Chorley
"PR7 3HT","CHORLEY SOUTH",Chorley
"PR7 3HY","CHORLEY SOUTH",Chorley
"PR7 3LZ","CHORLEY SOUTH",Chorley
"PR7 3ND","CHORLEY SOUTH",Chorley
"PR7 3NG","CHORLEY SOUTH",Chorley
"PR7 3NH","CHORLEY SOUTH",Chorley
"PR7 3NJ","CHORLEY SOUTH",Chorley
"PR7 3NZ","CHORLEY SOUTH",Chorley
"PR7 3PN","CHORLEY SOUTH",Chorley
"PR7 3PQ","CHORLEY SOUTH",Chorley
"PR7 3PR","CHORLEY SOUTH",Chorley
"PR7 3QA","CHORLEY SOUTH",Chorley
"PR7 3QF","CHORLEY SOUTH",Chorley
"PR7 3QL","CHORLEY SOUTH",Chorley
"PR7 3SA","CHORLEY SOUTH",Chorley
"SK3 9HL",MARPLE,Stockport
"M1 7EW",ARDWICK,Manchester
"M1 7FN",ARDWICK,Manchester
"M1 7FW",ARDWICK,Manchester
"M1 7JN",ARDWICK,Manchester
"M1 7JP",ARDWICK,Manchester
"M12 4AN",ARDWICK,Manchester
"M12 4JD",ARDWICK,Manchester
"M12 5FX",ARDWICK,Manchester
"M12 6AG",ARDWICK,Manchester
"M12 6AW",ARDWICK,Manchester
"M12 6DD",ARDWICK,Manchester
"M12 6FT",ARDWICK,Manchester
"M12 6HH",ARDWICK,Manchester
"M13 9AE",ARDWICK,Manchester
"M13 9BT",ARDWICK,Manchester
"M13 9BY",ARDWICK,Manchester
"M13 9FN",ARDWICK,Manchester
"M13 9HG",ARDWICK,Manchester
"M13 9PE",ARDWICK,Manchester
"M13 9RP",ARDWICK,Manchester
"M13 9RQ",ARDWICK,Manchester
"M13 9SN",ARDWICK,Manchester
"M13 9SP",ARDWICK,Manchester
"M13 9TH",ARDWICK,Manchester
"M13 9TN",ARDWICK,Manchester
"M13 9TW",ARDWICK,Manchester
"M13 9UJ",ARDWICK,Manchester
"M13 9UP",ARDWICK,Manchester
"M13 9UT",ARDWICK,Manchester
"M13 9UX",ARDWICK,Manchester
"M13 9WD",ARDWICK,Manchester
"M13 9XA",ARDWICK,Manchester
"M13 9XB",ARDWICK,Manchester
"M13 9XD",ARDWICK,Manchester
"M13 9XE",ARDWICK,Manchester
"M13 9XF",ARDWICK,Manchester
"M13 9YD",ARDWICK,Manchester
"M13 9YJ",ARDWICK,Manchester
"M13 9YN",ARDWICK,Manchester
"M13 9YS",ARDWICK,Manchester
"M14 4AR","MOSS SIDE",Manchester
"M14 4AT","MOSS SIDE",Manchester
"M14 4BD","MOSS SIDE",Manchester
"M14 4BL","MOSS SIDE",Manchester
"M14 4EJ","MOSS SIDE",Manchester
"M14 4EP","MOSS SIDE",Manchester
"M14 4EZ","MOSS SIDE",Manchester
"M14 4FS","MOSS SIDE",Manchester
"M14 4HE","MOSS SIDE",Manchester
"M14 4HF","MOSS SIDE",Manchester
"M14 4HT",ARDWICK,Manchester
"M14 4JE",ARDWICK,Manchester
"M14 4JG",ARDWICK,Manchester
"M14 4JG","MOSS SIDE",Manchester
"M14 4JX",ARDWICK,Manchester
"M14 4LN",ARDWICK,Manchester
"M14 4LT",ARDWICK,Manchester
"M14 4LZ","MOSS SIDE",Manchester
"M14 4ND",ARDWICK,Manchester
"M14 4RR","MOSS SIDE",Manchester
"M14 4RS","MOSS SIDE",Manchester
"M14 4RT","MOSS SIDE",Manchester
"M14 4RU","MOSS SIDE",Manchester
"M14 4RY","MOSS SIDE",Manchester
"M14 4TF","MOSS SIDE",Manchester
"M14 4TU","MOSS SIDE",Manchester
"M14 4TY","MOSS SIDE",Manchester
"M14 4TZ","MOSS SIDE",Manchester
"M14 4UA","MOSS SIDE",Manchester
"M14 4UD","MOSS SIDE",Manchester
"M14 4UG","MOSS SIDE",Manchester
"M14 4UN","MOSS SIDE",Manchester
"M14 4UU","MOSS SIDE",Manchester
"M14 4UY","MOSS SIDE",Manchester
"M14 4WB",ARDWICK,Manchester
"M14 5NJ","MOSS SIDE",Manchester
"M14 5WJ","MOSS SIDE",Manchester
"M14 7AS","MOSS SIDE",Manchester
"M14 7BF","MOSS SIDE",Manchester
"M14 7BQ","MOSS SIDE",Manchester
"M14 7HL","MOSS SIDE",Manchester
"M14 7HN","MOSS SIDE",Manchester
"M14 7JA","MOSS SIDE",Manchester
"M14 7JB","MOSS SIDE",Manchester
"M14 7JE","MOSS SIDE",Manchester
"M14 7JH","MOSS SIDE",Manchester
"M14 7JL","MOSS SIDE",Manchester
"M14 7JN","MOSS SIDE",Manchester
"M14 7JP","MOSS SIDE",Manchester
"M14 7JT","MOSS SIDE",Manchester
"M14 7JW","MOSS SIDE",Manchester
"M14 7LB","MOSS SIDE",Manchester
"M14 7LE","MOSS SIDE",Manchester
"M14 7LU","MOSS SIDE",Manchester
"M14 7NA","MOSS SIDE",Manchester
"M14 7NB","MOSS SIDE",Manchester
"M14 7NR","MOSS SIDE",Manchester
"M14 7PA","MOSS SIDE",Manchester
"M14 7PH","MOSS SIDE",Manchester
"M14 7PT","MOSS SIDE",Manchester
"M14 7QE","MOSS SIDE",Manchester
"M14 7QF","MOSS SIDE",Manchester
"M14 7WE","MOSS SIDE",Manchester
"M14 7WJ","MOSS SIDE",Manchester
"M14 7WW","MOSS SIDE",Manchester
"M15 4AS","MOSS SIDE",Trafford
"M15 4BD","MOSS SIDE",Manchester
"M15 4BF","MOSS SIDE",Trafford
"M15 4BR","MOSS SIDE",Manchester
"M15 4BS","MOSS SIDE",Trafford
"M15 4BX","MOSS SIDE",Trafford
"M15 4BZ","MOSS SIDE",Trafford
"M15 4DL","MOSS SIDE",Manchester
"M15 4DN","MOSS SIDE",Manchester
"M15 4DQ","MOSS SIDE",Manchester
"M15 4DS","MOSS SIDE",Manchester
"M15 4DX","MOSS SIDE",Manchester
"M15 4EF","MOSS SIDE",Trafford
"M15 4FE","MOSS SIDE",Trafford
"M15 4FF","MOSS SIDE",Trafford
"M15 5LX","MOSS SIDE",Manchester
"M15 5PE","MOSS SIDE",Trafford
"M15 5PP","MOSS SIDE",Trafford
"M16 7DF","MOSS SIDE",Manchester
"M16 7DG","MOSS SIDE",Manchester
"M16 7DU","MOSS SIDE",Manchester
"M16 7GG","MOSS SIDE",Trafford
"M16 7GQ","MOSS SIDE",Trafford
"M16 7GR","MOSS SIDE",Trafford
"M16 7NR","MOSS SIDE",Trafford
"M16 7PD","MOSS SIDE",Manchester
"M16 7PT","MOSS SIDE",Trafford
"M16 7RT","MOSS SIDE",Trafford
"M16 7RZ","MOSS SIDE",Trafford
"M16 7SA","MOSS SIDE",Trafford
"M16 7WP","MOSS SIDE",Trafford
"M16 7WQ","MOSS SIDE",Trafford
"M16 7WT","MOSS SIDE",Trafford
"M16 7WW","MOSS SIDE",Trafford
"M16 7WX","MOSS SIDE",Trafford
"M16 8GS","MOSS SIDE",Manchester
"M16 8GT","MOSS SIDE",Manchester
"M16 9AG","MOSS SIDE",Trafford
"M16 9AU","MOSS SIDE",Trafford
"M16 9BH","MOSS SIDE",Trafford
"M16 9BN","MOSS SIDE",Trafford
"M16 9BP","MOSS SIDE",Trafford
"M16 9JQ","MOSS SIDE",Trafford
"M16 9JR","MOSS SIDE",Trafford
"M16 9LF","MOSS SIDE",Trafford
"M16 9LL","MOSS SIDE",Trafford
"M16 9LT","MOSS SIDE",Trafford
"M16 9LU","MOSS SIDE",Trafford
"M16 9LY","MOSS SIDE",Trafford
"M16 9LZ","MOSS SIDE",Trafford
"M16 9NA","MOSS SIDE",Trafford
"M16 9NF","MOSS SIDE",Trafford
"M16 9QG","FREDERICK RD GRID",Trafford
"M16 9WB","MOSS SIDE",Trafford
"M16 9WE","MOSS SIDE",Trafford
"M3 1NG","FREDERICK RD GRID",Manchester
"M3 1NN","FREDERICK RD GRID",Manchester
"M3 6BD","FREDERICK RD GRID",Salford
"M3 6HU","FREDERICK RD GRID",Salford
"M3 7ES","FREDERICK RD GRID",Salford
"M3 7FQ","FREDERICK RD GRID",Salford
"M3 7JY","FREDERICK RD GRID",Salford
"M3 7JZ","FREDERICK RD GRID",Salford
"M3 7LB","FREDERICK RD GRID",Salford
"M30 0AU","FREDERICK RD GRID",Salford
"M30 0AX","FREDERICK RD GRID",Salford
"M30 0AZ","FREDERICK RD GRID",Salford
"M30 0BA","FREDERICK RD GRID",Salford
"M30 0BJ","FREDERICK RD GRID",Salford
"M30 0DH","FREDERICK RD GRID",Salford
"M30 0EB","FREDERICK RD GRID",Salford
"M30 0ED","FREDERICK RD GRID",Salford
"M30 0EE","FREDERICK RD GRID",Salford
"M30 0FN","FREDERICK RD GRID",Salford
"M30 0HA","FREDERICK RD GRID",Salford
"M30 0LJ","FREDERICK RD GRID",Salford
"M30 0NS","FREDERICK RD GRID",Salford
"M30 9BG","FREDERICK RD GRID",Salford
"M30 9BQ","FREDERICK RD GRID",Salford
"M30 9BT","FREDERICK RD GRID",Salford
"M30 9BU","FREDERICK RD GRID",Salford
"M30 9BY","FREDERICK RD GRID",Salford
"M30 9BZ","FREDERICK RD GRID",Salford
"M30 9DB","FREDERICK RD GRID",Salford
"M30 9DF","FREDERICK RD GRID",Salford
"M30 9DU","FREDERICK RD GRID",Salford
"M45 6BX","MOSS LN",Bury
"M45 6BY","MOSS LN",Bury
"M45 6DY","MOSS LN",Bury
"M45 6EG","MOSS LN",Bury
"M45 6FD","MOSS LN",Bury
"M45 7SX","MOSS LN",Bury
"M45 8HP","MOSS LN",Bury
"M45 8HU","MOSS LN",Bury
"M45 8HY","MOSS LN",Bury
"M45 8HZ","MOSS LN",Bury
"M45 8JA","MOSS LN",Bury
"M45 8JD","MOSS LN",Bury
"M45 8JE","MOSS LN",Bury
"M45 8JJ","MOSS LN",Bury
"M45 8LP","MOSS LN",Bury
"M45 8LR","MOSS LN",Bury
"M45 8LT","MOSS LN",Bury
"M45 8LZ","MOSS LN",Bury
"M45 8NP","MOSS LN",Bury
"M45 8NU","MOSS LN",Bury
"M45 8NW","MOSS LN",Bury
"M45 8NY","MOSS LN",Bury
"M45 8PA","MOSS LN",Bury
"M45 8PF","MOSS LN",Bury
"M45 8PN","MOSS LN",Bury
"M45 8PP","MOSS LN",Bury
"M45 8PQ","MOSS LN",Bury
"M45 8PS","MOSS LN",Bury
"M45 8PU","MOSS LN",Bury
"M45 8PX","MOSS LN",Bury
"M45 8QW","MOSS LN",Bury
"M45 8RE","MOSS LN",Bury
"M45 8RJ","MOSS LN",Bury
"M45 8RL","MOSS LN",Bury
"M45 8RY","MOSS LN",Bury
"M45 8TD","MOSS LN",Bury
"M45 8UT","MOSS LN",Bury
"M45 8WG","MOSS LN",Bury
"M45 8WJ","MOSS LN",Bury
"M45 8XR","MOSS LN",Bury
"M5 3AA","FREDERICK RD GRID",Salford
"M5 3AX","FREDERICK RD GRID",Salford
"M5 3AZ","FREDERICK RD GRID",Salford
"M5 3DD","FREDERICK RD GRID",Salford
"M5 3DF","FREDERICK RD GRID",Salford
"M5 3DG","FREDERICK RD GRID",Salford
"M5 3DY","FREDERICK RD GRID",Salford
"M5 3ED","FREDERICK RD GRID",Salford
"M5 3GD","FREDERICK RD GRID",Salford
"M5 3GF","FREDERICK RD GRID",Salford
"M5 3GQ","FREDERICK RD GRID",Salford
"M5 3HE","FREDERICK RD GRID",Salford
"M5 3HW","FREDERICK RD GRID",Salford
"M5 3HX","FREDERICK RD GRID",Salford
"M5 3JP","FREDERICK RD GRID",Salford
"M5 3JQ","FREDERICK RD GRID",Salford
"M5 3JU","FREDERICK RD GRID",Salford
"M5 3JY","FREDERICK RD GRID",Salford
"M5 3JZ","FREDERICK RD GRID",Salford
"M5 3LG","FREDERICK RD GRID",Salford
"M5 3LH","FREDERICK RD GRID",Salford
"M5 3LP","FREDERICK RD GRID",Salford
"M5 3LT","FREDERICK RD GRID",Salford
"M5 3NB","FREDERICK RD GRID",Salford
"M5 3NE","FREDERICK RD GRID",Salford
"M5 3NG","FREDERICK RD GRID",Salford
"M5 3NP","FREDERICK RD GRID",Salford
"M5 3NS","FREDERICK RD GRID",Salford
"M5 3NT","FREDERICK RD GRID",Salford
"M5 3PA","FREDERICK RD GRID",Salford
"M5 3PH","FREDERICK RD GRID",Salford
"M5 3PS","FREDERICK RD GRID",Salford
"M5 3RD","FREDERICK RD GRID",Salford
"M5 3RE","FREDERICK RD GRID",Salford
"M5 3RG","FREDERICK RD GRID",Salford
"M5 3RP","FREDERICK RD GRID",Salford
"M5 3SA","FREDERICK RD GRID",Salford
"M5 3SS","FREDERICK RD GRID",Salford
"M5 3WJ","FREDERICK RD GRID",Salford
"M5 3WN","FREDERICK RD GRID",Salford
"M5 3WQ","FREDERICK RD GRID",Salford
"M5 4AD","FREDERICK RD GRID",Salford
"M5 4AD","FREDERICK RD GRID",Salford
"M5 4AF","FREDERICK RD GRID",Salford
"M5 4AJ","FREDERICK RD GRID",Salford
"M5 4AN","FREDERICK RD GRID",Salford
"M5 4AP","FREDERICK RD GRID",Salford
"M5 4AQ","FREDERICK RD GRID",Salford
"M5 4AQ","FREDERICK RD GRID",Salford
"M5 4BB","FREDERICK RD GRID",Salford
"M5 4BB","FREDERICK RD GRID",Salford
"M5 4BJ","FREDERICK RD GRID",Salford
"M5 4BJ","FREDERICK RD GRID",Salford
"M5 4BR","FREDERICK RD GRID",Salford
"M5 4BS","FREDERICK RD GRID",Salford
"M5 4BS","FREDERICK RD GRID",Salford
"M5 4DD","FREDERICK RD GRID",Salford
"M5 4DD","FREDERICK RD GRID",Salford
"M5 4DE","FREDERICK RD GRID",Salford
"M5 4DU","FREDERICK RD GRID",Salford
"M5 4GL","FREDERICK RD GRID",Salford
"M5 4HB","FREDERICK RD GRID",Salford
"M5 4HG","FREDERICK RD GRID",Salford
"M5 4HG","FREDERICK RD GRID",Salford
"M5 4HH","FREDERICK RD GRID",Salford
"M5 4HH","FREDERICK RD GRID",Salford
"M5 4HJ","FREDERICK RD GRID",Salford
"M5 4HJ","FREDERICK RD GRID",Salford
"M5 4HL","FREDERICK RD GRID",Salford
"M5 4HL","FREDERICK RD GRID",Salford
"M5 4HP","FREDERICK RD GRID",Salford
"M5 4HP","FREDERICK RD GRID",Salford
"M5 4HR","FREDERICK RD GRID",Salford
"M5 4HR","FREDERICK RD GRID",Salford
"M5 4HS","FREDERICK RD GRID",Salford
"M5 4HS","FREDERICK RD GRID",Salford
"M5 4HT","FREDERICK RD GRID",Salford
"M5 4HT","FREDERICK RD GRID",Salford
"M5 4LG","FREDERICK RD GRID",Salford
"M5 4LS","FREDERICK RD GRID",Salford
"M5 4LZ","FREDERICK RD GRID",Salford
"M5 4NW","FREDERICK RD GRID",Salford
"M5 4NZ","FREDERICK RD GRID",Salford
"M5 4PE","FREDERICK RD GRID",Salford
"M5 4QF","FREDERICK RD GRID",Salford
"M5 4QH","FREDERICK RD GRID",Salford
"M5 4SJ","FREDERICK RD GRID",Salford
"M5 4TD","FREDERICK RD GRID",Salford
"M5 4TE","FREDERICK RD GRID",Salford
"M5 4TH","FREDERICK RD GRID",Salford
"M5 4WB","FREDERICK RD GRID",Salford
"M5 4WT","FREDERICK RD GRID",Salford
"M5 4WX","FREDERICK RD GRID",Salford
"M5 4YL","FREDERICK RD GRID",Salford
"M5 4YW","FREDERICK RD GRID",Salford
"M5 5BB","FREDERICK RD GRID",Salford
"M5 5BJ","FREDERICK RD GRID",Salford
"M5 5BZ","FREDERICK RD GRID",Salford
"M5 5DQ","FREDERICK RD GRID",Salford
"M5 5FD","FREDERICK RD GRID",Salford
"M5 5GB","FREDERICK RD GRID",Salford
"M5 5GG","FREDERICK RD GRID",Salford
"M5 5GH","FREDERICK RD GRID",Salford
"M5 5GL","FREDERICK RD GRID",Salford
"M5 5QX","FREDERICK RD GRID",Salford
"M5 5WG","FREDERICK RD GRID",Salford
"M50 1AY","FREDERICK RD GRID",Salford
"M50 1BX","FREDERICK RD GRID",Salford
"M50 1DH","FREDERICK RD GRID",Salford
"M50 1DJ","FREDERICK RD GRID",Salford
"M50 1DL","FREDERICK RD GRID",Salford
"M50 1DT","FREDERICK RD GRID",Salford
"M50 1DX","FREDERICK RD GRID",Salford
"M50 1EP","FREDERICK RD GRID",Salford
"M50 1FB","FREDERICK RD GRID",Salford
"M50 1RE","FREDERICK RD GRID",Salford
"M50 1YX","FREDERICK RD GRID",Salford
"M50 2TR","FREDERICK RD GRID",Salford
"M50 2UX","FREDERICK RD GRID",Salford
"M50 2XH","FREDERICK RD GRID",Salford
"M6 5AA","FREDERICK RD GRID",Salford
"M6 5AA","FREDERICK RD GRID",Salford
"M6 5AN","FREDERICK RD GRID",Salford
"M6 5BR","FREDERICK RD GRID",Salford
"M6 5BS","FREDERICK RD GRID",Salford
"M6 5BU","FREDERICK RD GRID",Salford
"M6 5BU","FREDERICK RD GRID",Salford
"M6 5DT","FREDERICK RD GRID",Salford
"M6 5DT","FREDERICK RD GRID",Salford
"M6 5DW","FREDERICK RD GRID",Salford
"M6 5DZ","FREDERICK RD GRID",Salford
"M6 5EQ","FREDERICK RD GRID",Salford
"M6 5ER","FREDERICK RD GRID",Salford
"M6 5ES","FREDERICK RD GRID",Salford
"M6 5EU","FREDERICK RD GRID",Salford
"M6 5FG","FREDERICK RD GRID",Salford
"M6 5FL","FREDERICK RD GRID",Salford
"M6 5FQ","FREDERICK RD GRID",Salford
"M6 5FW","FREDERICK RD GRID",Salford
"M6 5GG","FREDERICK RD GRID",Salford
"M6 5GT","FREDERICK RD GRID",Salford
"M6 5GU","FREDERICK RD GRID",Salford
"M6 5HJ","FREDERICK RD GRID",Salford
"M6 5HP","FREDERICK RD GRID",Salford
"M6 5HW","FREDERICK RD GRID",Salford
"M6 5JF","FREDERICK RD GRID",Salford
"M6 5JF","FREDERICK RD GRID",Salford
"M6 5LH","FREDERICK RD GRID",Salford
"M6 5LR","FREDERICK RD GRID",Salford
"M6 5LS","FREDERICK RD GRID",Salford
"M6 5LX","FREDERICK RD GRID",Salford
"M6 5NF","FREDERICK RD GRID",Salford
"M6 5NF","FREDERICK RD GRID",Salford
"M6 5NL","FREDERICK RD GRID",Salford
"M6 5PA","FREDERICK RD GRID",Salford
"M6 5PX","FREDERICK RD GRID",Salford
"M6 5QD","FREDERICK RD GRID",Salford
"M6 5QP","FREDERICK RD GRID",Salford
"M6 5QR","FREDERICK RD GRID",Salford
"M6 5QU","FREDERICK RD GRID",Salford
"M6 5QW","FREDERICK RD GRID",Salford
"M6 5RX","FREDERICK RD GRID",Salford
"M6 5TN","FREDERICK RD GRID",Salford
"M6 5TN","FREDERICK RD GRID",Salford
"M6 5TR","FREDERICK RD GRID",Salford
"M6 5TS","FREDERICK RD GRID",Salford
"M6 5UB","FREDERICK RD GRID",Salford
"M6 5UJ","FREDERICK RD GRID",Salford
"M6 5UL","FREDERICK RD GRID",Salford
"M6 5US","FREDERICK RD GRID",Salford
"M6 5WL","FREDERICK RD GRID",Salford
"M6 5WW","FREDERICK RD GRID",Salford
"M6 6AH","FREDERICK RD GRID",Salford
"M6 6DN","FREDERICK RD GRID",Salford
"M6 6EL","FREDERICK RD GRID",Salford
"M6 6EW","FREDERICK RD GRID",Salford
"M6 6EZ","FREDERICK RD GRID",Salford
"M6 6FY","FREDERICK RD GRID",Salford
"M6 6LS","FREDERICK RD GRID",Salford
"M6 6LY","FREDERICK RD GRID",Salford
"M6 6NA","FREDERICK RD GRID",Salford
"M6 6PD","FREDERICK RD GRID",Salford
"M6 6PF","FREDERICK RD GRID",Salford
"M6 6PG","FREDERICK RD GRID",Salford
"M6 6PU","FREDERICK RD GRID",Salford
"M6 6QH","FREDERICK RD GRID",Salford
"M6 6QL","FREDERICK RD GRID",Salford
"M6 6RB","FREDERICK RD GRID",Salford
"M6 6RS","FREDERICK RD GRID",Salford
"M6 6RU","FREDERICK RD GRID",Salford
"M6 6SP","FREDERICK RD GRID",Salford
"M6 6SQ","FREDERICK RD GRID",Salford
"M6 6SW","FREDERICK RD GRID",Salford
"M6 6WS","FREDERICK RD GRID",Salford
"M6 6WX","FREDERICK RD GRID",Salford
"M6 7AX","FREDERICK RD GRID",Salford
"M6 7DP","FREDERICK RD GRID",Salford
"M6 7DQ","FREDERICK RD GRID",Salford
"M6 7EE","FREDERICK RD GRID",Salford
"M6 7FE","FREDERICK RD GRID",Salford
"M6 7LS","FREDERICK RD GRID",Salford
"M6 7LY","FREDERICK RD GRID",Salford
"M6 8QY","FREDERICK RD GRID",Salford
"M6 8RH","FREDERICK RD GRID",Salford
"M6 8RQ","FREDERICK RD GRID",Salford
"M7 1HW","FREDERICK RD GRID",Salford
"M7 1LE","FREDERICK RD GRID",Salford
"M7 1LF","FREDERICK RD GRID",Salford
"M7 1LG","FREDERICK RD GRID",Salford
"M7 1LR","FREDERICK RD GRID",Salford
"M7 1LT","FREDERICK RD GRID",Salford
"M7 1NB","FREDERICK RD GRID",Salford
"M7 1NG","FREDERICK RD GRID",Salford
"M7 1NL","FREDERICK RD GRID",Salford
"M7 1NQ","FREDERICK RD GRID",Salford
"M7 1PA","FREDERICK RD GRID",Salford
"M7 1PJ","FREDERICK RD GRID",Salford
"M7 1RD","FREDERICK RD GRID",Salford
"M7 1RE","FREDERICK RD GRID",Salford
"M7 1RZ","FREDERICK RD GRID",Salford
"M7 1SS","FREDERICK RD GRID",Salford
"M7 1SW","FREDERICK RD GRID",Salford
"M7 1TD","FREDERICK RD GRID",Salford
"M7 1TG","FREDERICK RD GRID",Salford
"M7 1US","FREDERICK RD GRID",Salford
"M7 1UY","FREDERICK RD GRID",Salford
"M7 1WD","FREDERICK RD GRID",Salford
"M7 1WG","FREDERICK RD GRID",Salford
"M7 1WY","FREDERICK RD GRID",Salford
"M7 1WZ","FREDERICK RD GRID",Salford
"M7 1ZQ","FREDERICK RD GRID",Salford
"M7 2BA","FREDERICK RD GRID",Salford
"M7 2ED","FREDERICK RD GRID",Salford
"M7 2EE","FREDERICK RD GRID",Salford
"M7 2EP","FREDERICK RD GRID",Salford
"M7 2EQ","FREDERICK RD GRID",Salford
"M7 2ES","FREDERICK RD GRID",Salford
"M7 2FB","FREDERICK RD GRID",Salford
"M7 2FF","FREDERICK RD GRID",Salford
"M7 2FT","FREDERICK RD GRID",Salford
"M7 2FU","FREDERICK RD GRID",Salford
"M7 2FX","FREDERICK RD GRID",Salford
"M7 2GE","FREDERICK RD GRID",Salford
"M7 2GS","FREDERICK RD GRID",Salford
"M7 2HU","FREDERICK RD GRID",Salford
"M7 2HZ","FREDERICK RD GRID",Salford
"M7 2JA","FREDERICK RD GRID",Salford
"M7 2JE","FREDERICK RD GRID",Salford
"M7 2JN","FREDERICK RD GRID",Salford
"M7 2JR","FREDERICK RD GRID",Salford
"M7 2JT","FREDERICK RD GRID",Salford
"M7 2JW","FREDERICK RD GRID",Salford
"M7 2JX","FREDERICK RD GRID",Salford
"M7 2JY","FREDERICK RD GRID",Salford
"M7 2JZ","FREDERICK RD GRID",Salford
"M7 2LA","FREDERICK RD GRID",Salford
"M7 2LD","FREDERICK RD GRID",Salford
"M7 2XN","FREDERICK RD GRID",Salford
"M7 2XW","FREDERICK RD GRID",Salford
"M7 2YB","FREDERICK RD GRID",Salford
"M7 2YG","FREDERICK RD GRID",Salford
"M7 2YL","FREDERICK RD GRID",Salford
"M7 2YN","FREDERICK RD GRID",Salford
"M7 2YQ","FREDERICK RD GRID",Salford
"M7 2ZG","FREDERICK RD GRID",Salford
"M7 3AR","FREDERICK RD GRID",Salford
"M7 3GE","FREDERICK RD GRID",Salford
"M7 3HA","FREDERICK RD GRID",Salford
"M7 3NT","FREDERICK RD GRID",Salford
"M7 3QQ","FREDERICK RD GRID",Salford
"M7 3QX","FREDERICK RD GRID",Salford
"M7 3QZ","FREDERICK RD GRID",Salford
"M7 3RA","FREDERICK RD GRID",Salford
"M7 3RF","FREDERICK RD GRID",Salford
"M7 3RJ","FREDERICK RD GRID",Salford
"M7 3RL","FREDERICK RD GRID",Salford
"M7 3RN","FREDERICK RD GRID",Salford
"M7 3RP","FREDERICK RD GRID",Salford
"M7 3RQ","FREDERICK RD GRID",Salford
"M7 3RS","FREDERICK RD GRID",Salford
"M7 3RW","FREDERICK RD GRID",Salford
"M7 3RX","FREDERICK RD GRID",Salford
"M7 3SD","FREDERICK RD GRID",Salford
"M7 3TB","FREDERICK RD GRID",Salford
"M7 3TD","FREDERICK RD GRID",Salford
"M7 3TE","FREDERICK RD GRID",Salford
"M7 3TF","FREDERICK RD GRID",Salford
"M7 3TG","FREDERICK RD GRID",Salford
"M7 3TH","FREDERICK RD GRID",Salford
"M7 3TL","FREDERICK RD GRID",Salford
"M7 3TP","FREDERICK RD GRID",Salford
"M7 3TS","FREDERICK RD GRID",Salford
"M7 4WZ","FREDERICK RD GRID",Salford
"M7 4ZD","FREDERICK RD GRID",Manchester
"M8 8EE","FREDERICK RD GRID",Manchester
"M8 8EG","FREDERICK RD GRID",Manchester
"M8 8EL","FREDERICK RD GRID",Manchester
"M8 8ER","FREDERICK RD GRID",Manchester
"M8 8ES","FREDERICK RD GRID",Manchester
"M8 8EX","FREDERICK RD GRID",Manchester
"M8 8HW","FREDERICK RD GRID",Manchester
"M8 8JX","FREDERICK RD GRID",Manchester
"M8 8YD","FREDERICK RD GRID",Manchester
"M8 8YJ","FREDERICK RD GRID",Manchester
"M8 8YU","FREDERICK RD GRID",Manchester
"M8 9DY","FREDERICK RD GRID",Manchester
"OL10 2TR","MOSS LN",Rochdale
"OL6 7PY","MOSS SIDE",Tameside
"PR25 1AD","Moss Side (Leyland) & Seven Stars","South Ribble"
"PR25 1AS","Moss Side (Leyland) & Seven Stars","South Ribble"
"PR25 1AU","Moss Side (Leyland) & Seven Stars","South Ribble"
"PR25 1BD","Moss Side (Leyland) & Seven Stars","South Ribble"
"PR25 1BE","Moss Side (Leyland) & Seven Stars","South Ribble"
"PR25 1BJ","Moss Side (Leyland) & Seven Stars","South Ribble"
"PR25 1BL","Moss Side (Leyland) & Seven Stars","South Ribble"
"PR25 1JA","Moss Side (Leyland) & Seven Stars","South Ribble"
"PR25 1JB","Moss Side (Leyland) & Seven Stars","South Ribble"
"PR25 1JE","Moss Side (Leyland) & Seven Stars","South Ribble"
"PR25 1RB","Moss Side (Leyland) & Seven Stars","South Ribble"
"PR25 1UP","Moss Side (Leyland) & Seven Stars","South Ribble"
"PR25 2QE","Moss Side (Leyland) & Seven Stars","South Ribble"
"PR25 2XT","Moss Side (Leyland) & Seven Stars","South Ribble"
"PR25 2XW","Moss Side (Leyland) & Seven Stars","South Ribble"
"PR25 2YL","Moss Side (Leyland) & Seven Stars","South Ribble"
"PR7 2JQ","CHORLEY SOUTH",Chorley
"PR7 2JR","CHORLEY SOUTH",Chorley
"PR7 2JS","CHORLEY SOUTH",Chorley
"PR7 2JU","CHORLEY SOUTH",Chorley
"PR7 2LT","CHORLEY SOUTH",Chorley
"PR7 2LW","CHORLEY SOUTH",Chorley
"PR7 2NA","CHORLEY SOUTH",Chorley
"PR7 2NE","CHORLEY SOUTH",Chorley
"PR7 2NF","CHORLEY SOUTH",Chorley
"PR7 2NG","CHORLEY SOUTH",Chorley
"PR7 2NJ","CHORLEY SOUTH",Chorley
"PR7 2NN","CHORLEY SOUTH",Chorley
"PR7 2NP","CHORLEY SOUTH",Chorley
"PR7 2NR","CHORLEY SOUTH",Chorley
"PR7 2NX","CHORLEY SOUTH",Chorley
"PR7 2NZ","CHORLEY SOUTH",Chorley
"PR7 2YB","CHORLEY SOUTH",Chorley
"PR7 3DU","CHORLEY SOUTH",Chorley
"PR7 3DX","CHORLEY SOUTH",Chorley
"PR7 3DY","CHORLEY SOUTH",Chorley
"PR7 3DZ","CHORLEY SOUTH",Chorley
"PR7 3EB","CHORLEY SOUTH",Chorley
"PR7 3HJ","CHORLEY SOUTH",Chorley
"PR7 3HL","CHORLEY SOUTH",Chorley
"PR7 3HP","CHORLEY SOUTH",Chorley
"PR7 3HU","CHORLEY SOUTH",Chorley
"PR7 3HX","CHORLEY SOUTH",Chorley
"PR7 3LH","CHORLEY SOUTH",Chorley
"PR7 3LJ","CHORLEY SOUTH",Chorley
"PR7 3NQ","CHORLEY SOUTH",Chorley
"PR7 3PA","CHORLEY SOUTH",Chorley
"PR7 3PE","CHORLEY SOUTH",Chorley
"PR7 3PJ","CHORLEY SOUTH",Chorley
"PR7 3PL","CHORLEY SOUTH",Chorley
"PR7 3PP","CHORLEY SOUTH",Chorley
"PR7 3QN","CHORLEY SOUTH",Chorley
"PR7 4AW","CHORLEY SOUTH",Chorley
"M1 7AL",ARDWICK,Manchester
"M1 7EG",ARDWICK,Manchester
"M1 7JE",ARDWICK,Manchester
"M1 7JG",ARDWICK,Manchester
"M1 7JJ",ARDWICK,Manchester
"M1 7JL",ARDWICK,Manchester
"M1 7JQ",ARDWICK,Manchester
"M12 4DL",ARDWICK,Manchester
"M12 6BQ",ARDWICK,Manchester
"M12 6DB",ARDWICK,Manchester
"M12 6ER",ARDWICK,Manchester
"M12 6EZ",ARDWICK,Manchester
"M12 6FS",ARDWICK,Manchester
"M12 6FW",ARDWICK,Manchester
"M12 6FZ",ARDWICK,Manchester
"M12 6HE",ARDWICK,Manchester
"M12 6HF",ARDWICK,Manchester
"M12 6HQ",ARDWICK,Manchester
"M12 6HT",ARDWICK,Manchester
"M12 6JH",ARDWICK,Manchester
"M12 6PQ",ARDWICK,Manchester
"M13 9BS",ARDWICK,Manchester
"M13 9GG",ARDWICK,Manchester
"M13 9GN",ARDWICK,Manchester
"M13 9GT",ARDWICK,Manchester
"M13 9GY",ARDWICK,Manchester
"M13 9HQ",ARDWICK,Manchester
"M13 9JS",ARDWICK,Manchester
"M13 9LD",ARDWICK,Manchester
"M13 9NJ",ARDWICK,Manchester
"M13 9RL",ARDWICK,Manchester
"M13 9RR",ARDWICK,Manchester
"M13 9RW",ARDWICK,Manchester
"M13 9RY",ARDWICK,Manchester
"M13 9SA",ARDWICK,Manchester
"M13 9SD",ARDWICK,Manchester
"M13 9SG",ARDWICK,Manchester
"M13 9SL",ARDWICK,Manchester
"M13 9SR",ARDWICK,Manchester
"M13 9SW",ARDWICK,Manchester
"M13 9SX",ARDWICK,Manchester
"M13 9TR",ARDWICK,Manchester
"M13 9UG",ARDWICK,Manchester
"M13 9UY",ARDWICK,Manchester
"M13 9UZ",ARDWICK,Manchester
"M13 9WB",ARDWICK,Manchester
"M13 9XP",ARDWICK,Manchester
"M13 9XZ",ARDWICK,Manchester
"M13 9YB",ARDWICK,Manchester
"M13 9YE",ARDWICK,Manchester
"M14 4AU","MOSS SIDE",Manchester
"M14 4BE","MOSS SIDE",Manchester
"M14 4BH","MOSS SIDE",Manchester
"M14 4BN","MOSS SIDE",Manchester
"M14 4BP","MOSS SIDE",Manchester
"M14 4BW","MOSS SIDE",Manchester
"M14 4FX","MOSS SIDE",Manchester
"M14 4FZ","MOSS SIDE",Manchester
"M14 4HG","MOSS SIDE",Manchester
"M14 4HJ","MOSS SIDE",Manchester
"M14 4JA",ARDWICK,Manchester
"M14 4JE","MOSS SIDE",Manchester
"M14 4JQ",ARDWICK,Manchester
"M14 4JR","MOSS SIDE",Manchester
"M14 4JU",ARDWICK,Manchester
"M14 4JY",ARDWICK,Manchester
"M14 4JZ",ARDWICK,Manchester
"M14 4LL",ARDWICK,Manchester
"M14 4NE",ARDWICK,Manchester
"M14 4NF",ARDWICK,Manchester
"M14 4NL","MOSS SIDE",Manchester
"M14 4RX","MOSS SIDE",Manchester
"M14 4TB","MOSS SIDE",Manchester
"M14 4TG","MOSS SIDE",Manchester
"M14 4TT","MOSS SIDE",Manchester
"M14 4UH","MOSS SIDE",Manchester
"M14 4UL","MOSS SIDE",Manchester
"M14 4UP","MOSS SIDE",Manchester
"M14 4UQ","MOSS SIDE",Manchester
"M14 4UW","MOSS SIDE",Manchester
"M14 4UX","MOSS SIDE",Manchester
"M14 4WD",ARDWICK,Manchester
"M14 5WH","MOSS SIDE",Manchester
"M14 7BA","MOSS SIDE",Manchester
"M14 7BN","MOSS SIDE",Manchester
"M14 7BY","MOSS SIDE",Manchester
"M14 7HJ","MOSS SIDE",Manchester
"M14 7HZ","MOSS SIDE",Manchester
"M14 7JJ","MOSS SIDE",Manchester
"M14 7JR","MOSS SIDE",Manchester
"M14 7JS","MOSS SIDE",Manchester
"M14 7LG","MOSS SIDE",Manchester
"M14 7LH","MOSS SIDE",Manchester
"M14 7LQ","MOSS SIDE",Manchester
"M14 7LR","MOSS SIDE",Manchester
"M14 7ND","MOSS SIDE",Manchester
"M14 7NH","MOSS SIDE",Manchester
"M14 7NJ","MOSS SIDE",Manchester
"M14 7PB","MOSS SIDE",Manchester
"M14 7PD","MOSS SIDE",Manchester
"M14 7PE","MOSS SIDE",Manchester
"M14 7PJ","MOSS SIDE",Manchester
"M14 7PL","MOSS SIDE",Manchester
"M14 7RJ","MOSS SIDE",Manchester
"M14 7RP","MOSS SIDE",Manchester
"M14 7WB","MOSS SIDE",Manchester
"M14 7WH","MOSS SIDE",Manchester
"M15 4AE","MOSS SIDE",Manchester
"M15 4AZ","MOSS SIDE",Trafford
"M15 4DF","MOSS SIDE",Manchester
"M15 4DH","MOSS SIDE",Manchester
"M15 4DP","MOSS SIDE",Manchester
"M15 4DT","MOSS SIDE",Manchester
"M15 4FB","MOSS SIDE",Trafford
"M15 4FD","MOSS SIDE",Trafford
"M15 4FJ","MOSS SIDE",Trafford
"M15 5PQ","MOSS SIDE",Trafford
"M16 7AB","MOSS SIDE",Manchester
"M16 7BZ","MOSS SIDE",Manchester
"M16 7DT","MOSS SIDE",Manchester
"M16 7DW","MOSS SIDE",Manchester
"M16 7DY","MOSS SIDE",Manchester
"M16 7PH","MOSS SIDE",Trafford
"M16 7QQ","MOSS SIDE",Trafford
"M16 7QR","MOSS SIDE",Trafford
"M16 7RF","MOSS SIDE",Trafford
"M16 7RG","MOSS SIDE",Trafford
"M16 7SB","MOSS SIDE",Trafford
"M16 7SD","MOSS SIDE",Trafford
"M16 8GR","MOSS SIDE",Manchester
"M16 8GU","MOSS SIDE",Manchester
"M16 9AA","MOSS SIDE",Trafford
"M16 9AH","MOSS SIDE",Trafford
"M16 9AY","MOSS SIDE",Trafford
"M16 9BR","MOSS SIDE",Trafford
"M16 9JG","MOSS SIDE",Trafford
"M16 9JJ","MOSS SIDE",Trafford
"M16 9JP","MOSS SIDE",Trafford
"M16 9JU","MOSS SIDE",Trafford
"M16 9JW","MOSS SIDE",Trafford
"M16 9JY","MOSS SIDE",Trafford
"M16 9JZ","MOSS SIDE",Trafford
"M16 9LE","MOSS SIDE",Trafford
"M16 9LJ","MOSS SIDE",Trafford
"M16 9LP","MOSS SIDE",Trafford
"M16 9NE","MOSS SIDE",Trafford
"M16 9PN","MOSS SIDE",Trafford
"M16 9PS","MOSS SIDE",Trafford
"M16 9WF","MOSS SIDE",Trafford
"M3 5HW","FREDERICK RD GRID",Salford
"M3 6EN","FREDERICK RD GRID",Salford
"M3 6FF","FREDERICK RD GRID",Salford
"M3 6HT","FREDERICK RD GRID",Salford
"M3 6JG","FREDERICK RD GRID",Salford
"M3 7ED","FREDERICK RD GRID",Salford
"M3 7FY","FREDERICK RD GRID",Salford
"M3 7HJ","FREDERICK RD GRID",Salford
"M3 7NY","FREDERICK RD GRID",Salford
"M3 7RB","FREDERICK RD GRID",Salford
"M30 0AA","FREDERICK RD GRID",Salford
"M30 0AB","FREDERICK RD GRID",Salford
"M30 0AE","FREDERICK RD GRID",Salford
"M30 0AN","FREDERICK RD GRID",Salford
"M30 0AY","FREDERICK RD GRID",Salford
"M30 0BB","FREDERICK RD GRID",Salford
"M30 0BP","FREDERICK RD GRID",Salford
"M30 0DD","FREDERICK RD GRID",Salford
"M30 0DE","FREDERICK RD GRID",Salford
"M30 0DL","FREDERICK RD GRID",Salford
"M30 0EF","FREDERICK RD GRID",Salford
"M30 0FH","FREDERICK RD GRID",Salford
"M30 0YN","FREDERICK RD GRID",Salford
"M30 9BR","FREDERICK RD GRID",Salford
"M30 9BS","FREDERICK RD GRID",Salford
"M30 9BX","FREDERICK RD GRID",Salford
"M30 9DD","FREDERICK RD GRID",Salford
"M30 9DG","FREDERICK RD GRID",Salford
"M30 9DH","FREDERICK RD GRID",Salford
"M30 9DJ","FREDERICK RD GRID",Salford
"M30 9DN","FREDERICK RD GRID",Salford
"M45 6BZ","MOSS LN",Bury
"M45 6DG","MOSS LN",Bury
"M45 6DR","MOSS LN",Bury
"M45 6DS","MOSS LN",Bury
"M45 6EE","MOSS LN",Bury
"M45 6FB","MOSS LN",Bury
"M45 8EH","MOSS LN",Bury
"M45 8GA","MOSS LN",Bury
"M45 8HX","MOSS LN",Bury
"M45 8JL","MOSS LN",Bury
"M45 8JX","MOSS LN",Bury
"M45 8JZ","MOSS LN",Bury
"M45 8LB","MOSS LN",Bury
"M45 8LE","MOSS LN",Bury
"M45 8LG","MOSS LN",Bury
"M45 8LN","MOSS LN",Bury
"M45 8LW","MOSS LN",Bury
"M45 8ND","MOSS LN",Bury
"M45 8NJ","MOSS LN",Bury
"M45 8NL","MOSS LN",Bury
"M45 8NS","MOSS LN",Bury
"M45 8NT","MOSS LN",Bury
"M45 8PB","MOSS LN",Bury
"M45 8PD","MOSS LN",Bury
"M45 8PL","MOSS LN",Bury
"M45 8PT","MOSS LN",Bury
"M45 8RD","MOSS LN",Bury
"M45 8RR","MOSS LN",Bury
"M45 8RU","MOSS LN",Bury
"M45 8RX","MOSS LN",Bury
"M45 8RZ","MOSS LN",Bury
"M45 8SA","MOSS LN",Bury
"M45 8UD","MOSS LN",Bury
"M45 8UZ","MOSS LN",Bury
"M45 8WT","MOSS LN",Bury
"M45 8WW","MOSS LN",Bury
"M45 8WX","MOSS LN",Bury
"M5 3AE","FREDERICK RD GRID",Salford
"M5 3AH","FREDERICK RD GRID",Salford
"M5 3AQ","FREDERICK RD GRID",Salford
"M5 3AU","FREDERICK RD GRID",Salford
"M5 3AY","FREDERICK RD GRID",Salford
"M5 3BQ","FREDERICK RD GRID",Salford
"M5 3DQ","FREDERICK RD GRID",Salford
"M5 3DT","FREDERICK RD GRID",Salford
"M5 3EH","FREDERICK RD GRID",Salford
"M5 3EQ","FREDERICK RD GRID",Salford
"M5 3EZ","FREDERICK RD GRID",Salford
"M5 3FG","FREDERICK RD GRID",Salford
"M5 3FR","FREDERICK RD GRID",Salford
"M5 3FX","FREDERICK RD GRID",Salford
"M5 3GG","FREDERICK RD GRID",Salford
"M5 3GS","FREDERICK RD GRID",Salford
"M5 3GX","FREDERICK RD GRID",Salford
"M5 3HA","FREDERICK RD GRID",Salford
"M5 3HF","FREDERICK RD GRID",Salford
"M5 3HJ","FREDERICK RD GRID",Salford
"M5 3HN","FREDERICK RD GRID",Salford
"M5 3HT","FREDERICK RD GRID",Salford
"M5 3HU","FREDERICK RD GRID",Salford
"M5 3JA","FREDERICK RD GRID",Salford
"M5 3JJ","FREDERICK RD GRID",Salford
"M5 3JR","FREDERICK RD GRID",Salford
"M5 3JS","FREDERICK RD GRID",Salford
"M5 3JX","FREDERICK RD GRID",Salford
"M5 3LF","FREDERICK RD GRID",Salford
"M5 3LZ","FREDERICK RD GRID",Salford
"M5 3NF","FREDERICK RD GRID",Salford
"M5 3NH","FREDERICK RD GRID",Salford
"M5 3NR","FREDERICK RD GRID",Salford
"M5 3PJ","FREDERICK RD GRID",Salford
"M5 3RN","FREDERICK RD GRID",Salford
"M5 3RS","FREDERICK RD GRID",Salford
"M5 3RX","FREDERICK RD GRID",Salford
"M5 3SG","FREDERICK RD GRID",Salford
"M5 3WL","FREDERICK RD GRID",Salford
"M5 3WS","FREDERICK RD GRID",Salford
"M5 3WT","FREDERICK RD GRID",Salford
"M5 4AA","FREDERICK RD GRID",Salford
"M5 4BH","FREDERICK RD GRID",Salford
"M5 4BN","FREDERICK RD GRID",Salford
"M5 4FQ","FREDERICK RD GRID",Salford
"M5 4FQ","FREDERICK RD GRID",Salford
"M5 4GR","FREDERICK RD GRID",Salford
"M5 4GT","FREDERICK RD GRID",Salford
"M5 4HD","FREDERICK RD GRID",Salford
"M5 4HD","FREDERICK RD GRID",Salford
"M5 4HW","FREDERICK RD GRID",Salford
"M5 4HW","FREDERICK RD GRID",Salford
"M5 4JB","FREDERICK RD GRID",Salford
"M5 4JB","FREDERICK RD GRID",Salford
"M5 4LE","FREDERICK RD GRID",Salford
"M5 4LH","FREDERICK RD GRID",Salford
"M5 4LJ","FREDERICK RD GRID",Salford
"M5 4LN","FREDERICK RD GRID",Salford
"M5 4LT","FREDERICK RD GRID",Salford
"M5 4LY","FREDERICK RD GRID",Salford
"M5 4NB","FREDERICK RD GRID",Salford
"M5 4NL","FREDERICK RD GRID",Salford
"M5 4NY","FREDERICK RD GRID",Salford
"M5 4RE","FREDERICK RD GRID",Salford
"M5 4RX","FREDERICK RD GRID",Salford
"M5 4SD","FREDERICK RD GRID",Salford
"M5 4SF","FREDERICK RD GRID",Salford
"M5 4ST","FREDERICK RD GRID",Salford
"M5 4TF","FREDERICK RD GRID",Salford
"M5 4UD","FREDERICK RD GRID",Salford
"M5 4WN","FREDERICK RD GRID",Salford
"M5 4YT","FREDERICK RD GRID",Salford
"M5 5BD","FREDERICK RD GRID",Salford
"M5 5BN","FREDERICK RD GRID",Salford
"M5 5BU","FREDERICK RD GRID",Salford
"M5 5BW","FREDERICK RD GRID",Salford
"M5 5BY","FREDERICK RD GRID",Salford
"M5 5DY","FREDERICK RD GRID",Salford
"M5 5EB","FREDERICK RD GRID",Salford
"M5 5ED","FREDERICK RD GRID",Salford
"M5 5GA","FREDERICK RD GRID",Salford
"M5 5NZ","FREDERICK RD GRID",Salford
"M5 5SJ","FREDERICK RD GRID",Salford
"M5 5WQ","FREDERICK RD GRID",Salford
"M5 5WR","FREDERICK RD GRID",Salford
"M50 1BA","FREDERICK RD GRID",Salford
"M50 1DE","FREDERICK RD GRID",Salford
"M50 1DG","FREDERICK RD GRID",Salford
"M50 1DN","FREDERICK RD GRID",Salford
"M50 1EB","FREDERICK RD GRID",Salford
"M50 1GU","FREDERICK RD GRID",Salford
"M50 1UU","FREDERICK RD GRID",Salford
"M50 2XS","FREDERICK RD GRID",Salford
"M50 2ZY","FREDERICK RD GRID",Salford
"M50 3ZE","FREDERICK RD GRID",Salford
"M6 5AW","FREDERICK RD GRID",Salford
"M6 5BT","FREDERICK RD GRID",Salford
"M6 5BW","FREDERICK RD GRID",Salford
"M6 5DU","FREDERICK RD GRID",Salford
"M6 5EL","FREDERICK RD GRID",Salford
"M6 5EW","FREDERICK RD GRID",Salford
"M6 5FN","FREDERICK RD GRID",Salford
"M6 5FR","FREDERICK RD GRID",Salford
"M6 5FU","FREDERICK RD GRID",Salford
"M6 5FX","FREDERICK RD GRID",Salford
"M6 5GB","FREDERICK RD GRID",Salford
"M6 5GQ","FREDERICK RD GRID",Salford
"M6 5GS","FREDERICK RD GRID",Salford
"M6 5GX","FREDERICK RD GRID",Salford
"M6 5GY","FREDERICK RD GRID",Salford
"M6 5HR","FREDERICK RD GRID",Salford
"M6 5HS","FREDERICK RD GRID",Salford
"M6 5JA","FREDERICK RD GRID",Salford
"M6 5JE","FREDERICK RD GRID",Salford
"M6 5JE","FREDERICK RD GRID",Salford
"M6 5JS","FREDERICK RD GRID",Salford
"M6 5JX","FREDERICK RD GRID",Salford
"M6 5JX","FREDERICK RD GRID",Salford
"M6 5JY","FREDERICK RD GRID",Salford
"M6 5LG","FREDERICK RD GRID",Salford
"M6 5LN","FREDERICK RD GRID",Salford
"M6 5LN","FREDERICK RD GRID",Salford
"M6 5LP","FREDERICK RD GRID",Salford
"M6 5NH","FREDERICK RD GRID",Salford
"M6 5NH","FREDERICK RD GRID",Salford
"M6 5PH","FREDERICK RD GRID",Salford
"M6 5PN","FREDERICK RD GRID",Salford
"M6 5PU","FREDERICK RD GRID",Salford
"M6 5PY","FREDERICK RD GRID",Salford
"M6 5QH","FREDERICK RD GRID",Salford
"M6 5QQ","FREDERICK RD GRID",Salford
"M6 5QT","FREDERICK RD GRID",Salford
"M6 5QY","FREDERICK RD GRID",Salford
"M6 5RG","FREDERICK RD GRID",Salford
"M6 5RL","FREDERICK RD GRID",Salford
"M6 5RQ","FREDERICK RD GRID",Salford
"M6 5RQ","FREDERICK RD GRID",Salford
"M6 5RS","FREDERICK RD GRID",Salford
"M6 5RT","FREDERICK RD GRID",Salford
"M6 5SW","FREDERICK RD GRID",Salford
"M6 5TH","FREDERICK RD GRID",Salford
"M6 5TH","FREDERICK RD GRID",Salford
"M6 5TU","FREDERICK RD GRID",Salford
"M6 5TW","FREDERICK RD GRID",Salford
"M6 5UE","FREDERICK RD GRID",Salford
"M6 5WN","FREDERICK RD GRID",Salford
"M6 5WX","FREDERICK RD GRID",Salford
"M6 5YD","FREDERICK RD GRID",Salford
"M6 6AB","FREDERICK RD GRID",Salford
"M6 6AD","FREDERICK RD GRID",Salford
"M6 6AF","FREDERICK RD GRID",Salford
"M6 6AJ","FREDERICK RD GRID",Salford
"M6 6AL","FREDERICK RD GRID",Salford
"M6 6AW","FREDERICK RD GRID",Salford
"M6 6BP","FREDERICK RD GRID",Salford
"M6 6DJ","FREDERICK RD GRID",Salford
"M6 6FE","FREDERICK RD GRID",Salford
"M6 6GD","FREDERICK RD GRID",Salford
"M6 6HP","FREDERICK RD GRID",Salford
"M6 6HS","FREDERICK RD GRID",Salford
"M6 6HT","FREDERICK RD GRID",Salford
"M6 6JJ","FREDERICK RD GRID",Salford
"M6 6NN","FREDERICK RD GRID",Salford
"M6 6NR","FREDERICK RD GRID",Salford
"M6 6NZ","FREDERICK RD GRID",Salford
"M6 6PP","FREDERICK RD GRID",Salford
"M6 6PR","FREDERICK RD GRID",Salford
"M6 6PY","FREDERICK RD GRID",Salford
"M6 6QX","FREDERICK RD GRID",Salford
"M6 6RJ","FREDERICK RD GRID",Salford
"M6 6RL","FREDERICK RD GRID",Salford
"M6 6RR","FREDERICK RD GRID",Salford
"M6 6RT","FREDERICK RD GRID",Salford
"M6 6SA","FREDERICK RD GRID",Salford
"M6 6SB","FREDERICK RD GRID",Salford
"M6 6SJ","FREDERICK RD GRID",Salford
"M6 6SN","FREDERICK RD GRID",Salford
"M6 6SU","FREDERICK RD GRID",Salford
"M6 6WF","FREDERICK RD GRID",Salford
"M6 6WY","FREDERICK RD GRID",Salford
"M6 6WZ","FREDERICK RD GRID",Salford
"M6 7AR","FREDERICK RD GRID",Salford
"M6 7BL","FREDERICK RD GRID",Salford
"M6 7DG","FREDERICK RD GRID",Salford
"M6 7DR","FREDERICK RD GRID",Salford
"M6 7GS","FREDERICK RD GRID",Salford
"M6 7LU","FREDERICK RD GRID",Salford
"M6 7LX","FREDERICK RD GRID",Salford
"M6 7LZ","FREDERICK RD GRID",Salford
"M6 8GL","FREDERICK RD GRID",Salford
"M6 8RJ","FREDERICK RD GRID",Salford
"M6 8RP","FREDERICK RD GRID",Salford
"M6 8RW","FREDERICK RD GRID",Salford
"M7 1BF","FREDERICK RD GRID",Salford
"M7 1GY","FREDERICK RD GRID",Salford
"M7 1LD","FREDERICK RD GRID",Salford
"M7 1LH","FREDERICK RD GRID",Salford
"M7 1LS","FREDERICK RD GRID",Salford
"M7 1LU","FREDERICK RD GRID",Salford
"M7 1LZ","FREDERICK RD GRID",Salford
"M7 1ND","FREDERICK RD GRID",Salford
"M7 1NF","FREDERICK RD GRID",Salford
"M7 1NP","FREDERICK RD GRID",Salford
"M7 1PE","FREDERICK RD GRID",Salford
"M7 1PY","FREDERICK RD GRID",Salford
"M7 1RT","FREDERICK RD GRID",Salford
"M7 1RU","FREDERICK RD GRID",Salford
"M7 1RY","FREDERICK RD GRID",Salford
"M7 1SN","FREDERICK RD GRID",Manchester
"M7 1TB","FREDERICK RD GRID",Salford
"M7 1TE","FREDERICK RD GRID",Salford
"M7 1UH","FREDERICK RD GRID",Salford
"M7 1UL","FREDERICK RD GRID",Salford
"M7 1UZ","FREDERICK RD GRID",Salford
"M7 1WE","FREDERICK RD GRID",Salford
"M7 1WH","FREDERICK RD GRID",Salford
"M7 1WJ","FREDERICK RD GRID",Salford
"M7 1WN","FREDERICK RD GRID",Salford
"M7 1XU","FREDERICK RD GRID",Salford
"M7 1XY","FREDERICK RD GRID",Salford
"M7 1YD","FREDERICK RD GRID",Salford
"M7 1ZN","FREDERICK RD GRID",Salford
"M7 2EB","FREDERICK RD GRID",Salford
"M7 2EF","FREDERICK RD GRID",Salford
"M7 2EG","FREDERICK RD GRID",Salford
"M7 2EN","FREDERICK RD GRID",Salford
"M7 2ER","FREDERICK RD GRID",Salford
"M7 2EX","FREDERICK RD GRID",Salford
"M7 2EZ","FREDERICK RD GRID",Salford
"M7 2FE","FREDERICK RD GRID",Salford
"M7 2FG","FREDERICK RD GRID",Salford
"M7 2FR","FREDERICK RD GRID",Salford
"M7 2FW","FREDERICK RD GRID",Salford
"M7 2FY","FREDERICK RD GRID",Salford
"M7 2FZ","FREDERICK RD GRID",Salford
"M7 2GA","FREDERICK RD GRID",Salford
"M7 2GB","FREDERICK RD GRID",Salford
"M7 2GD","FREDERICK RD GRID",Salford
"M7 2HA","FREDERICK RD GRID",Salford
"M7 2HB","FREDERICK RD GRID",Salford
"M7 2HD","FREDERICK RD GRID",Salford
"M7 2HJ","FREDERICK RD GRID",Salford
"M7 2HN","FREDERICK RD GRID",Salford
"M7 2HP","FREDERICK RD GRID",Salford
"M7 2HQ","FREDERICK RD GRID",Salford
"M7 2HT","FREDERICK RD GRID",Salford
"M7 2JD","FREDERICK RD GRID",Salford
"M7 2JF","FREDERICK RD GRID",Salford
"M7 2JG","FREDERICK RD GRID",Salford
"M7 2JJ","FREDERICK RD GRID",Salford
"M7 2JL","FREDERICK RD GRID",Salford
"M7 2JU","FREDERICK RD GRID",Salford
"M7 2LE","FREDERICK RD GRID",Salford
"M7 2LF","FREDERICK RD GRID",Salford
"M7 2LH","FREDERICK RD GRID",Salford
"M7 2XF","FREDERICK RD GRID",Salford
"M7 2YA","FREDERICK RD GRID",Salford
"M7 2YF","FREDERICK RD GRID",Salford
"M7 2YZ","FREDERICK RD GRID",Salford
"M7 2ZN","FREDERICK RD GRID",Salford
"M7 2ZT","FREDERICK RD GRID",Salford
"M7 3AP","FREDERICK RD GRID",Salford
"M7 3AQ","FREDERICK RD GRID",Salford
"M7 3DP","FREDERICK RD GRID",Salford
"M7 3GG","FREDERICK RD GRID",Salford
"M7 3GN","FREDERICK RD GRID",Salford
"M7 3GP","FREDERICK RD GRID",Salford
"M7 3GR","FREDERICK RD GRID",Salford
"M7 3GZ","FREDERICK RD GRID",Salford
"M7 3HB","FREDERICK RD GRID",Salford
"M7 3HE","FREDERICK RD GRID",Salford
"M7 3QS","FREDERICK RD GRID",Salford
"M7 3QT","FREDERICK RD GRID",Salford
"M7 3QU","FREDERICK RD GRID",Salford
"M7 3QW","FREDERICK RD GRID",Salford
"M7 3RB","FREDERICK RD GRID",Salford
"M7 3RT","FREDERICK RD GRID",Salford
"M7 3SF","FREDERICK RD GRID",Salford
"M7 3SG","FREDERICK RD GRID",Salford
"M7 3TA","FREDERICK RD GRID",Salford
"M7 3TJ","FREDERICK RD GRID",Salford
"M7 3TN","FREDERICK RD GRID",Salford
"M7 3TT","FREDERICK RD GRID",Salford
"M7 3TW","FREDERICK RD GRID",Salford
"M8 8AT","FREDERICK RD GRID",Manchester
"M8 8BA","FREDERICK RD GRID",Manchester
"M8 8BX","FREDERICK RD GRID",Manchester
"M8 8DD","FREDERICK RD GRID",Manchester
"M8 8DY","FREDERICK RD GRID",Manchester
"M8 8ET","FREDERICK RD GRID",Manchester
"M8 8FN","FREDERICK RD GRID",Manchester
"M8 8FW","FREDERICK RD GRID",Manchester
"M8 8FX","FREDERICK RD GRID",Manchester
"M8 8YE","FREDERICK RD GRID",Manchester
"M8 8YH","FREDERICK RD GRID",Manchester
"M8 8YR","FREDERICK RD GRID",Manchester
"M8 8YT","FREDERICK RD GRID",Manchester
"M8 8YW","FREDERICK RD GRID",Manchester
"M8 9JN","MOSS LN",Manchester
"M8 9SN","FREDERICK RD GRID",Salford
"OL10 2RE","MOSS LN",Rochdale
"PR25 1AA","Moss Side (Leyland) & Seven Stars","South Ribble"
"PR25 1AB","Moss Side (Leyland) & Seven Stars","South Ribble"
"PR25 1AE","Moss Side (Leyland) & Seven Stars","South Ribble"
"PR25 1AJ","Moss Side (Leyland) & Seven Stars","South Ribble"
"PR25 1AP","Moss Side (Leyland) & Seven Stars","South Ribble"
"PR25 1AQ","Moss Side (Leyland) & Seven Stars","South Ribble"
"PR25 1AT","Moss Side (Leyland) & Seven Stars","South Ribble"
"PR25 1AZ","Moss Side (Leyland) & Seven Stars","South Ribble"
"PR25 1BB","Moss Side (Leyland) & Seven Stars","South Ribble"
"PR25 1BS","Moss Side (Leyland) & Seven Stars","South Ribble"
"PR25 1BX","Moss Side (Leyland) & Seven Stars","South Ribble"
"PR25 1HJ","Moss Side (Leyland) & Seven Stars","South Ribble"
"PR25 1HX","Moss Side (Leyland) & Seven Stars","South Ribble"
"PR25 1HY","Moss Side (Leyland) & Seven Stars","South Ribble"
"PR25 1JD","Moss Side (Leyland) & Seven Stars","South Ribble"
"PR25 1JU","Moss Side (Leyland) & Seven Stars","South Ribble"
"PR25 1LE","Moss Side (Leyland) & Seven Stars","South Ribble"
"PR25 1QL","Moss Side (Leyland) & Seven Stars","South Ribble"
"PR25 1QN","Moss Side (Leyland) & Seven Stars","South Ribble"
"PR25 1RD","Moss Side (Leyland) & Seven Stars","South Ribble"
"PR25 1TA","Moss Side (Leyland) & Seven Stars","South Ribble"
"PR25 1TG","Moss Side (Leyland) & Seven Stars","South Ribble"
"PR25 2QU","Moss Side (Leyland) & Seven Stars","South Ribble"
"PR25 2ZL","Moss Side (Leyland) & Seven Stars","South Ribble"
"PR6 0QG","CHORLEY SOUTH",Chorley
"PR6 0RF","CHORLEY SOUTH",Chorley
"PR7 2JL","CHORLEY SOUTH",Chorley
"PR7 2JW","CHORLEY SOUTH",Chorley
"PR7 2LN","CHORLEY SOUTH",Chorley
"PR7 2LU","CHORLEY SOUTH",Chorley
"PR7 2LX","CHORLEY SOUTH",Chorley
"PR7 2NB","CHORLEY SOUTH",Chorley
"PR7 2NU","CHORLEY SOUTH",Chorley
"PR7 2YA","CHORLEY SOUTH",Chorley
"PR7 3DQ","CHORLEY SOUTH",Chorley
"PR7 3DR","CHORLEY SOUTH",Chorley
"PR7 3EA","CHORLEY SOUTH",Chorley
"PR7 3EJ","CHORLEY SOUTH",Chorley
"PR7 3ER","CHORLEY SOUTH",Chorley
"PR7 3HR","CHORLEY SOUTH",Chorley
"PR7 3HW","CHORLEY SOUTH",Chorley
"PR7 3NE","CHORLEY SOUTH",Chorley
"PR7 3NX","CHORLEY SOUTH",Chorley
"PR7 3NY","CHORLEY SOUTH",Chorley
"PR7 3PB","CHORLEY SOUTH",Chorley
"PR7 3PD","CHORLEY SOUTH",Chorley
"PR7 3PH","CHORLEY SOUTH",Chorley
"PR7 3PT","CHORLEY SOUTH",Chorley
"PR7 3QB","CHORLEY SOUTH",Chorley
"PR7 3QW","CHORLEY SOUTH",Chorley
